"2024-07-19,14:29:22",[   48] ,[  332] ,[  224] ,[  348] ,[  490] ,[  369] ,[  284] ,[  183] ,[  985] ,[   54] ,foto_142922_19072024.jpg
"2024-07-19,14:46:16",[   41] ,[  294] ,[  197] ,[  312] ,[  410] ,[  288] ,[  212] ,[  144] ,[  796] ,[   42] ,foto_144616_19072024.jpg
"2024-07-19,14:59:23",[   44] ,[  312] ,[  209] ,[  331] ,[  461] ,[  340] ,[  261] ,[  170] ,[  937] ,[   50] ,foto_145923_19072024.jpg
"2024-07-22,13:12:04",[   44] ,[  330] ,[  209] ,[  314] ,[  389] ,[  258] ,[  187] ,[  124] ,[  669] ,[   42] ,foto_131204_22072024.jpg
"2024-07-22,14:49:52",[   36] ,[  272] ,[  183] ,[  278] ,[  333] ,[  211] ,[  152] ,[  109] ,[  676] ,[   35] ,foto_144952_22072024.jpg
"2024-07-22,14:55:15",[   43] ,[  300] ,[  207] ,[  329] ,[  444] ,[  325] ,[  246] ,[  166] ,[  862] ,[   46] ,foto_145515_22072024.jpg
"2024-07-22,15:00:53",[   40] ,[  287] ,[  194] ,[  300] ,[  407] ,[  289] ,[  222] ,[  145] ,[  810] ,[   43] ,foto_150053_22072024.jpg
"2024-07-22,15:02:07",[   39] ,[  285] ,[  193] ,[  298] ,[  380] ,[  259] ,[  194] ,[  131] ,[  768] ,[   40] ,foto_150207_22072024.jpg
"2024-07-22,15:42:48",[   38] ,[  278] ,[  187] ,[  289] ,[  355] ,[  234] ,[  171] ,[  119] ,[  717] ,[   37] ,foto_154247_22072024.jpg
"2024-07-22,15:46:51",[   38] ,[  280] ,[  188] ,[  291] ,[  357] ,[  236] ,[  172] ,[  120] ,[  721] ,[   37] ,foto_154651_22072024.jpg
"2024-07-22,16:01:23",[   39] ,[  284] ,[  192] ,[  296] ,[  365] ,[  244] ,[  178] ,[  124] ,[  737] ,[   38] ,foto_160123_22072024.jpg
"2024-07-22,16:03:00",[   45] ,[  317] ,[  213] ,[  332] ,[  443] ,[  322] ,[  243] ,[  158] ,[  887] ,[   47] ,foto_160300_22072024.jpg
"2024-07-22,17:09:44",[   41] ,[  305] ,[  203] ,[  313] ,[  402] ,[  279] ,[  205] ,[  139] ,[  799] ,[   41] ,foto_170944_22072024.jpg
"2024-07-23,10:35:20",[   55] ,[  371] ,[  251] ,[  397] ,[  554] ,[  431] ,[  336] ,[  213] ,[ 1088] *,[   61] ,foto_103520_23072024.jpg
"2024-07-23,12:55:30",[   40] ,[  295] ,[  196] ,[  300] ,[  369] ,[  245] ,[  178] ,[  123] ,[  736] ,[   38] ,foto_125530_23072024.jpg
"2024-07-23,12:58:22",[   39] ,[  294] ,[  196] ,[  299] ,[  368] ,[  244] ,[  178] ,[  123] ,[  734] ,[   38] ,foto_125822_23072024.jpg
"2024-07-23,12:59:37",[   39] ,[  294] ,[  195] ,[  299] ,[  368] ,[  244] ,[  178] ,[  122] ,[  734] ,[   38] ,foto_125937_23072024.jpg
"2024-07-23,13:02:00",[   39] ,[  294] ,[  196] ,[  299] ,[  368] ,[  244] ,[  178] ,[  122] ,[  734] ,[   38] ,foto_130200_23072024.jpg
"2024-07-23,13:02:47",[   39] ,[  293] ,[  195] ,[  298] ,[  367] ,[  244] ,[  178] ,[  122] ,[  732] ,[   38] ,foto_130247_23072024.jpg
"2024-07-23,13:04:12",[   39] ,[  294] ,[  195] ,[  299] ,[  367] ,[  244] ,[  178] ,[  122] ,[  733] ,[   38] ,foto_130412_23072024.jpg
"2024-07-23,13:05:39",[   39] ,[  294] ,[  196] ,[  299] ,[  367] ,[  244] ,[  178] ,[  123] ,[  733] ,[   38] ,foto_130539_23072024.jpg
"2024-07-23,13:06:41",[   39] ,[  294] ,[  195] ,[  299] ,[  367] ,[  244] ,[  178] ,[  122] ,[  732] ,[   38] ,foto_130641_23072024.jpg
"2024-07-23,13:08:19",[   39] ,[  293] ,[  195] ,[  297] ,[  366] ,[  243] ,[  177] ,[  122] ,[  730] ,[   38] ,foto_130819_23072024.jpg
"2024-07-23,14:37:55",[   40] ,[  295] ,[  196] ,[  301] ,[  369] ,[  245] ,[  178] ,[  123] ,[  735] ,[   38] ,foto_143755_23072024.jpg
"2024-07-23,14:39:23",[   39] ,[  294] ,[  196] ,[  300] ,[  369] ,[  245] ,[  178] ,[  123] ,[  735] ,[   38] ,foto_143923_23072024.jpg
"2024-07-23,14:40:47",[   40] ,[  294] ,[  196] ,[  300] ,[  369] ,[  245] ,[  178] ,[  123] ,[  734] ,[   38] ,foto_144047_23072024.jpg
"2024-07-23,15:42:32",[   39] ,[  291] ,[  195] ,[  296] ,[  364] ,[  242] ,[  176] ,[  121] ,[  727] ,[   38] ,foto_154232_23072024.jpg
"2024-07-23,16:15:14",[   39] ,[  294] ,[  196] ,[  298] ,[  366] ,[  243] ,[  177] ,[  122] ,[  732] ,[   38] ,foto_161514_23072024.jpg
"2024-07-24,11:21:12",[   39] ,[  291] ,[  193] ,[  297] ,[  362] ,[  238] ,[  172] ,[  119] ,[  721] ,[   37] ,foto_112112_24072024.jpg
"2024-07-24,11:24:00",[   39] ,[  291] ,[  193] ,[  297] ,[  362] ,[  238] ,[  173] ,[  119] ,[  723] ,[   38] ,foto_112400_24072024.jpg
"2024-07-24,11:56:23",[   38] ,[  287] ,[  191] ,[  291] ,[  351] ,[  228] ,[  164] ,[  115] ,[  702] ,[   37] ,foto_115623_24072024.jpg
"2024-07-24,12:05:23",[   38] ,[  287] ,[  191] ,[  291] ,[  352] ,[  228] ,[  165] ,[  115] ,[  702] ,[   37] ,foto_120523_24072024.jpg
"2024-07-24,12:06:56",[   38] ,[  287] ,[  191] ,[  291] ,[  351] ,[  228] ,[  164] ,[  115] ,[  702] ,[   37] ,foto_120656_24072024.jpg
"2024-07-24,12:08:21",[   38] ,[  287] ,[  192] ,[  290] ,[  351] ,[  227] ,[  164] ,[  115] ,[  702] ,[   37] ,foto_120821_24072024.jpg
"2024-07-24,12:10:37",[   38] ,[  288] ,[  192] ,[  291] ,[  351] ,[  228] ,[  165] ,[  115] ,[  703] ,[   37] ,foto_121037_24072024.jpg
"2024-07-24,12:16:19",[   38] ,[  288] ,[  192] ,[  291] ,[  351] ,[  228] ,[  165] ,[  115] ,[  703] ,[   37] ,foto_121619_24072024.jpg
"2024-07-24,12:17:27",[   38] ,[  288] ,[  192] ,[  291] ,[  351] ,[  227] ,[  164] ,[  115] ,[  702] ,[   37] ,foto_121727_24072024.jpg
"2024-07-24,12:25:37",[   38] ,[  288] ,[  192] ,[  291] ,[  352] ,[  228] ,[  165] ,[  116] ,[  704] ,[   37] ,foto_122537_24072024.jpg
"2024-07-24,12:27:51",[   38] ,[  288] ,[  192] ,[  291] ,[  351] ,[  227] ,[  164] ,[  116] ,[  703] ,[   37] ,foto_122751_24072024.jpg
"2024-07-24,14:07:46",[   43] ,[  320] ,[  204] ,[  310] ,[  381] ,[  251] ,[  182] ,[  120] ,[  668] ,[   43] ,foto_140746_24072024.jpg
"2024-07-24,14:26:31",[   36] ,[  268] ,[  181] ,[  276] ,[  328] ,[  207] ,[  149] ,[  107] ,[  668] ,[   34] ,foto_142631_24072024.jpg
"2024-07-24,14:44:37",[   36] ,[  267] ,[  181] ,[  275] ,[  327] ,[  206] ,[  148] ,[  107] ,[  667] ,[   34] ,foto_144437_24072024.jpg
"2024-07-24,14:45:50",[   36] ,[  267] ,[  181] ,[  275] ,[  327] ,[  206] ,[  148] ,[  107] ,[  666] ,[   34] ,foto_144550_24072024.jpg
"2024-07-24,14:46:40",[   36] ,[  267] ,[  180] ,[  275] ,[  327] ,[  206] ,[  148] ,[  107] ,[  665] ,[   34] ,foto_144640_24072024.jpg
"2024-07-24,15:30:08",[   36] ,[  267] ,[  180] ,[  274] ,[  326] ,[  206] ,[  148] ,[  107] ,[  665] ,[   34] ,foto_153008_24072024.jpg
"2024-07-24,15:34:06",[   53] ,[  352] ,[  242] ,[  391] ,[  553] ,[  436] ,[  341] ,[  227] ,[ 1069] *,[   59] ,foto_153406_24072024.jpg
"2024-07-24,16:25:11",[   53] ,[  354] ,[  243] ,[  393] ,[  557] ,[  440] ,[  344] ,[  228] ,[ 1078] *,[   59] ,foto_162511_24072024.jpg
"2024-07-24,16:48:46",[   53] ,[  356] ,[  244] ,[  395] ,[  560] ,[  442] ,[  346] ,[  230] ,[ 1084] *,[   59] ,foto_164846_24072024.jpg
"2024-07-24,16:51:51",[   36] ,[  270] ,[  182] ,[  278] ,[  332] ,[  211] ,[  152] ,[  109] ,[  680] ,[   35] ,foto_165151_24072024.jpg
"2024-07-24,17:01:23",[   36] ,[  268] ,[  181] ,[  277] ,[  331] ,[  210] ,[  152] ,[  109] ,[  676] ,[   35] ,foto_170123_24072024.jpg
"2024-07-24,17:05:43",[   36] ,[  268] ,[  181] ,[  276] ,[  331] ,[  210] ,[  152] ,[  109] ,[  677] ,[   35] ,foto_170543_24072024.jpg
"2024-07-24,17:06:31",[   36] ,[  268] ,[  181] ,[  276] ,[  330] ,[  209] ,[  151] ,[  108] ,[  674] ,[   35] ,foto_170631_24072024.jpg
"2024-07-24,17:08:12",[   36] ,[  268] ,[  181] ,[  276] ,[  331] ,[  210] ,[  152] ,[  109] ,[  676] ,[   35] ,foto_170812_24072024.jpg
"2024-07-24,17:11:02",[   36] ,[  269] ,[  182] ,[  277] ,[  332] ,[  211] ,[  152] ,[  109] ,[  678] ,[   35] ,foto_171102_24072024.jpg
"2024-07-24,17:15:59",[   36] ,[  268] ,[  182] ,[  276] ,[  330] ,[  210] ,[  151] ,[  109] ,[  674] ,[   35] ,foto_171559_24072024.jpg
"2024-07-24,17:16:50",[   36] ,[  268] ,[  181] ,[  276] ,[  330] ,[  210] ,[  151] ,[  109] ,[  674] ,[   35] ,foto_171650_24072024.jpg
"2024-07-24,17:17:46",[   36] ,[  269] ,[  182] ,[  277] ,[  331] ,[  210] ,[  152] ,[  109] ,[  677] ,[   35] ,foto_171746_24072024.jpg
"2024-07-24,17:20:29",[   36] ,[  269] ,[  182] ,[  277] ,[  332] ,[  211] ,[  152] ,[  109] ,[  677] ,[   35] ,foto_172029_24072024.jpg
"2024-07-24,17:21:31",[   36] ,[  269] ,[  182] ,[  277] ,[  332] ,[  210] ,[  152] ,[  109] ,[  677] ,[   35] ,foto_172131_24072024.jpg
"2024-07-24,17:26:04",[   36] ,[  269] ,[  182] ,[  277] ,[  331] ,[  210] ,[  152] ,[  109] ,[  678] ,[   35] ,foto_172604_24072024.jpg
"2024-07-24,17:28:38",[   36] ,[  270] ,[  182] ,[  277] ,[  332] ,[  211] ,[  152] ,[  109] ,[  679] ,[   35] ,foto_172838_24072024.jpg
"2024-07-24,17:29:51",[   36] ,[  269] ,[  182] ,[  277] ,[  331] ,[  210] ,[  152] ,[  109] ,[  678] ,[   35] ,foto_172951_24072024.jpg
"2024-07-24,17:38:10",[   36] ,[  269] ,[  182] ,[  277] ,[  332] ,[  211] ,[  152] ,[  109] ,[  678] ,[   35] ,foto_173810_24072024.jpg
"2024-07-25,14:22:06",[   36] ,[  267] ,[  181] ,[  276] ,[  329] ,[  209] ,[  152] ,[  109] ,[  674] ,[   35] ,foto_142206_25072024.jpg
"2024-07-25,14:25:58",[   36] ,[  267] ,[  181] ,[  275] ,[  329] ,[  209] ,[  152] ,[  109] ,[  674] ,[   35] ,foto_142558_25072024.jpg
"2024-07-25,14:29:33",[   36] ,[  268] ,[  181] ,[  276] ,[  329] ,[  209] ,[  152] ,[  109] ,[  675] ,[   35] ,foto_142933_25072024.jpg
"2024-07-25,14:31:12",[   36] ,[  267] ,[  181] ,[  276] ,[  329] ,[  209] ,[  152] ,[  109] ,[  675] ,[   35] ,foto_143112_25072024.jpg
"2024-07-25,14:46:59",[   36] ,[  268] ,[  182] ,[  276] ,[  330] ,[  209] ,[  152] ,[  109] ,[  676] ,[   35] ,foto_144659_25072024.jpg
"2024-07-25,14:46:59",[   36] ,[  268] ,[  182] ,[  276] ,[  330] ,[  209] ,[  152] ,[  110] ,[  676] ,[   35] ,foto_144659_25072024.jpg
"2024-07-25,14:51:56",[   36] ,[  268] ,[  182] ,[  276] ,[  329] ,[  209] ,[  152] ,[  109] ,[  675] ,[   35] ,foto_145156_25072024.jpg
"2024-07-25,14:51:56",[   36] ,[  268] ,[  181] ,[  276] ,[  328] ,[  209] ,[  152] ,[  109] ,[  674] ,[   35] ,foto_145156_25072024.jpg
"2024-07-25,14:57:46",[   36] ,[  268] ,[  182] ,[  276] ,[  329] ,[  209] ,[  152] ,[  110] ,[  676] ,[   35] ,foto_145746_25072024.jpg
"2024-07-25,14:57:46",[   36] ,[  268] ,[  182] ,[  276] ,[  329] ,[  209] ,[  152] ,[  110] ,[  676] ,[   35] ,foto_145746_25072024.jpg
"2024-07-25,15:01:02",[   36] ,[  268] ,[  182] ,[  276] ,[  329] ,[  209] ,[  152] ,[  109] ,[  675] ,[   35] ,foto_150102_25072024.jpg
"2024-07-25,15:01:02",[   36] ,[  268] ,[  182] ,[  275] ,[  328] ,[  209] ,[  152] ,[  109] ,[  675] ,[   35] ,foto_150102_25072024.jpg
"2024-07-25,15:04:00",[   36] ,[  268] ,[  181] ,[  275] ,[  329] ,[  209] ,[  152] ,[  109] ,[  675] ,[   35] ,foto_150400_25072024.jpg
"2024-07-25,15:04:00",[   36] ,[  268] ,[  182] ,[  276] ,[  329] ,[  209] ,[  152] ,[  109] ,[  675] ,[   35] ,foto_150400_25072024.jpg
"2024-07-25,15:05:09",[   36] ,[  267] ,[  181] ,[  275] ,[  328] ,[  208] ,[  152] ,[  109] ,[  674] ,[   35] ,foto_150509_25072024.jpg
"2024-07-25,15:05:09",[   36] ,[  268] ,[  182] ,[  275] ,[  328] ,[  208] ,[  151] ,[  109] ,[  673] ,[   35] ,foto_150509_25072024.jpg
"2024-07-25,15:07:48",[   36] ,[  268] ,[  182] ,[  275] ,[  328] ,[  209] ,[  152] ,[  109] ,[  674] ,[   35] ,foto_150748_25072024.jpg
"2024-07-25,15:07:49",[   36] ,[  268] ,[  182] ,[  275] ,[  328] ,[  209] ,[  152] ,[  109] ,[  674] ,[   35] ,foto_150749_25072024.jpg
"2024-07-25,15:10:05",[   36] ,[  268] ,[  182] ,[  276] ,[  328] ,[  209] ,[  152] ,[  109] ,[  675] ,[   35] ,foto_151005_25072024.jpg
"2024-07-25,15:10:06",[   36] ,[  268] ,[  182] ,[  275] ,[  328] ,[  209] ,[  152] ,[  109] ,[  674] ,[   35] ,foto_151006_25072024.jpg
"2024-07-25,15:12:08",[   36] ,[  268] ,[  182] ,[  275] ,[  328] ,[  208] ,[  151] ,[  109] ,[  673] ,[   35] ,foto_151208_25072024.jpg
"2024-07-25,15:12:09",[   36] ,[  268] ,[  182] ,[  275] ,[  328] ,[  208] ,[  152] ,[  109] ,[  673] ,[   35] ,foto_151209_25072024.jpg
"2024-07-25,15:13:08",[   36] ,[  266] ,[  181] ,[  274] ,[  327] ,[  208] ,[  151] ,[  109] ,[  672] ,[   35] ,foto_151308_25072024.jpg
"2024-07-25,15:13:08",[   36] ,[  267] ,[  181] ,[  274] ,[  327] ,[  208] ,[  151] ,[  109] ,[  672] ,[   35] ,foto_151308_25072024.jpg
"2024-07-25,15:14:49",[   36] ,[  267] ,[  181] ,[  274] ,[  327] ,[  208] ,[  151] ,[  109] ,[  672] ,[   35] ,foto_151449_25072024.jpg
"2024-07-25,15:14:50",[   36] ,[  267] ,[  181] ,[  275] ,[  327] ,[  208] ,[  151] ,[  109] ,[  672] ,[   34] ,foto_151450_25072024.jpg
"2024-07-25,15:18:09",[   36] ,[  268] ,[  182] ,[  276] ,[  328] ,[  209] ,[  152] ,[  110] ,[  674] ,[   35] ,foto_151809_25072024.jpg
"2024-07-25,15:18:09",[   36] ,[  268] ,[  182] ,[  275] ,[  328] ,[  209] ,[  152] ,[  109] ,[  674] ,[   35] ,foto_151809_25072024.jpg
"2024-07-25,15:25:06",[   36] ,[  267] ,[  181] ,[  275] ,[  328] ,[  208] ,[  151] ,[  109] ,[  673] ,[   35] ,foto_152506_25072024.jpg
"2024-07-25,15:25:06",[   36] ,[  267] ,[  181] ,[  274] ,[  327] ,[  208] ,[  151] ,[  109] ,[  673] ,[   35] ,foto_152506_25072024.jpg
"2024-07-25,15:29:02",[   36] ,[  265] ,[  180] ,[  273] ,[  326] ,[  207] ,[  151] ,[  109] ,[  669] ,[   34] ,foto_152902_25072024.jpg
"2024-07-25,15:29:03",[   36] ,[  266] ,[  180] ,[  273] ,[  326] ,[  207] ,[  150] ,[  109] ,[  669] ,[   34] ,foto_152903_25072024.jpg
"2024-07-25,15:35:49",[   36] ,[  268] ,[  181] ,[  276] ,[  328] ,[  209] ,[  152] ,[  109] ,[  674] ,[   35] ,foto_153549_25072024.jpg
"2024-07-25,15:35:49",[   36] ,[  267] ,[  181] ,[  275] ,[  328] ,[  209] ,[  152] ,[  109] ,[  674] ,[   35] ,foto_153549_25072024.jpg
"2024-07-25,15:40:14",[   36] ,[  268] ,[  181] ,[  276] ,[  328] ,[  209] ,[  152] ,[  110] ,[  675] ,[   35] ,foto_154014_25072024.jpg
"2024-07-25,15:43:37",[   36] ,[  267] ,[  181] ,[  275] ,[  327] ,[  208] ,[  151] ,[  109] ,[  672] ,[   34] ,foto_154337_25072024.jpg
"2024-07-25,15:46:12",[   36] ,[  267] ,[  181] ,[  275] ,[  327] ,[  208] ,[  151] ,[  109] ,[  672] ,[   34] ,foto_154612_25072024.jpg
"2024-07-25,15:49:55",[   36] ,[  268] ,[  182] ,[  276] ,[  329] ,[  209] ,[  152] ,[  110] ,[  675] ,[   35] ,foto_154955_25072024.jpg
"2024-07-25,15:51:49",[   36] ,[  268] ,[  181] ,[  275] ,[  328] ,[  209] ,[  152] ,[  109] ,[  675] ,[   35] ,foto_155149_25072024.jpg
"2024-07-25,15:53:07",[   36] ,[  267] ,[  181] ,[  275] ,[  327] ,[  208] ,[  151] ,[  109] ,[  672] ,[   35] ,foto_155307_25072024.jpg
"2024-07-25,15:54:31",[   36] ,[  268] ,[  181] ,[  276] ,[  328] ,[  209] ,[  152] ,[  109] ,[  674] ,[   35] ,foto_155431_25072024.jpg
"2024-07-25,15:55:39",[   36] ,[  267] ,[  181] ,[  274] ,[  327] ,[  208] ,[  151] ,[  109] ,[  672] ,[   34] ,foto_155539_25072024.jpg
"2024-07-25,15:58:10",[   36] ,[  267] ,[  181] ,[  275] ,[  328] ,[  209] ,[  152] ,[  109] ,[  673] ,[   35] ,foto_155810_25072024.jpg
"2024-07-25,15:59:03",[   36] ,[  267] ,[  181] ,[  275] ,[  328] ,[  209] ,[  151] ,[  109] ,[  673] ,[   35] ,foto_155903_25072024.jpg
"2024-07-25,16:01:59",[   36] ,[  267] ,[  181] ,[  275] ,[  328] ,[  209] ,[  152] ,[  109] ,[  674] ,[   35] ,foto_160159_25072024.jpg
"2024-07-25,16:04:20",[   36] ,[  267] ,[  181] ,[  275] ,[  328] ,[  208] ,[  152] ,[  109] ,[  673] ,[   35] ,foto_160420_25072024.jpg
"2024-07-25,16:05:29",[   36] ,[  267] ,[  181] ,[  275] ,[  328] ,[  209] ,[  152] ,[  109] ,[  674] ,[   35] ,foto_160529_25072024.jpg
"2024-07-25,16:07:25",[   36] ,[  268] ,[  181] ,[  276] ,[  328] ,[  209] ,[  152] ,[  109] ,[  674] ,[   35] ,foto_160725_25072024.jpg
"2024-07-25,16:08:50",[   36] ,[  266] ,[  181] ,[  274] ,[  327] ,[  208] ,[  151] ,[  109] ,[  672] ,[   35] ,foto_160850_25072024.jpg
"2024-07-25,16:26:41",[   66] ,[  415] ,[  289] ,[  457] ,[  740] ,[  638] ,[  512] ,[  321] ,[ 1369] *,[   84] ,foto_162641_25072024.jpg
"2024-07-29,12:50:53",[    8] ,[   14] ,[   15] ,[   18] ,[   39] ,[   40] ,[   27] ,[   14] ,[  160] ,[  103] ,foto_125053_29072024.jpg
"2024-07-29,12:51:23",[    8] ,[   14] ,[   15] ,[   18] ,[   39] ,[   40] ,[   27] ,[   14] ,[  161] ,[  104] ,foto_125123_29072024.jpg
"2024-07-29,12:53:56",[    0] ,[    1] ,[    1] ,[    2] ,[    3] ,[    3] ,[    2] ,[    2] ,[    5] ,[    2] ,foto_125356_29072024.jpg
"2024-07-29,12:54:32",[    0] ,[    1] ,[    1] ,[    1] ,[    2] ,[    3] ,[    2] ,[    2] ,[    5] ,[    2] ,foto_125432_29072024.jpg
"2024-07-29,14:21:09",[    0] ,[    1] ,[    1] ,[    1] ,[    2] ,[    4] ,[    2] ,[    2] ,[    4] ,[    1] ,foto_142109_29072024.jpg
"2024-07-29,14:25:51",[    0] ,[    1] ,[    1] ,[    1] ,[    2] ,[    3] ,[    2] ,[    2] ,[    4] ,[    1] ,foto_142551_29072024.jpg
"2024-07-29,14:26:47",[    0] ,[    1] ,[    1] ,[    1] ,[    2] ,[    4] ,[    2] ,[    2] ,[    4] ,[    1] ,foto_142647_29072024.jpg
"2024-07-29,14:37:25",[    0] ,[    1] ,[    1] ,[    1] ,[    3] ,[    4] ,[    2] ,[    2] ,[    4] ,[    1] ,foto_143725_29072024.jpg
"2024-07-29,14:47:19",[    0] ,[    1] ,[    1] ,[    1] ,[    2] ,[    3] ,[    2] ,[    2] ,[    4] ,[    1] ,foto_144719_29072024.jpg
"2024-07-29,14:47:52",[    0] ,[    1] ,[    1] ,[    1] ,[    2] ,[    3] ,[    2] ,[    2] ,[    4] ,[    1] ,foto_144752_29072024.jpg
"2024-07-29,14:49:40",[    0] ,[    1] ,[    1] ,[    1] ,[    2] ,[    3] ,[    2] ,[    2] ,[    4] ,[    1] ,foto_144940_29072024.jpg
"2024-07-29,14:50:13",[    0] ,[    1] ,[    1] ,[    1] ,[    2] ,[    3] ,[    2] ,[    2] ,[    4] ,[    1] ,foto_145013_29072024.jpg
"2024-07-29,14:54:07",[    0] ,[    1] ,[    1] ,[    1] ,[    2] ,[    3] ,[    3] ,[    2] ,[    4] ,[    1] ,foto_145407_29072024.jpg
"2024-07-29,14:54:41",[    3] ,[    4] ,[    4] ,[    6] ,[   10] ,[   16] ,[    9] ,[    7] ,[   12] ,[    6] ,foto_145441_29072024.jpg
"2024-07-29,14:58:06",[    3] ,[    4] ,[    4] ,[    6] ,[   10] ,[   16] ,[    9] ,[    7] ,[   12] ,[    6] ,foto_145806_29072024.jpg
"2024-07-29,14:58:42",[    1] ,[    4] ,[    4] ,[    6] ,[   12] ,[   14] ,[   11] ,[    6] ,[   17] ,[    8] ,foto_145842_29072024.jpg
"2024-07-29,14:59:59",[    2] ,[    4] ,[    4] ,[    6] ,[   12] ,[   14] ,[   10] ,[    6] ,[   17] ,[    8] ,foto_145959_29072024.jpg
"2024-07-29,15:00:33",[   11] ,[   19] ,[   19] ,[   30] ,[   48] ,[   65] ,[   52] ,[   29] ,[   96] ,[   35] ,foto_150033_29072024.jpg
"2024-07-29,15:01:06",[   11] ,[   19] ,[   20] ,[   31] ,[   48] ,[   66] ,[   53] ,[   29] ,[   98] ,[   34] ,foto_150106_29072024.jpg
"2024-07-29,15:01:39",[   11] ,[   20] ,[   20] ,[   31] ,[   49] ,[   66] ,[   53] ,[   29] ,[   98] ,[   35] ,foto_150139_29072024.jpg
"2024-07-29,15:02:13",[   11] ,[   20] ,[   20] ,[   31] ,[   49] ,[   66] ,[   53] ,[   29] ,[   98] ,[   34] ,foto_150213_29072024.jpg
"2024-07-29,15:02:47",[   11] ,[   19] ,[   20] ,[   31] ,[   48] ,[   66] ,[   53] ,[   29] ,[   98] ,[   35] ,foto_150247_29072024.jpg
"2024-07-29,15:03:26",[   11] ,[   19] ,[   19] ,[   30] ,[   47] ,[   64] ,[   52] ,[   28] ,[   97] ,[   36] ,foto_150326_29072024.jpg
"2024-07-29,15:04:02",[   11] ,[   19] ,[   19] ,[   30] ,[   47] ,[   64] ,[   52] ,[   28] ,[   96] ,[   34] ,foto_150402_29072024.jpg
"2024-07-29,15:04:35",[   11] ,[   19] ,[   19] ,[   30] ,[   47] ,[   64] ,[   52] ,[   28] ,[   97] ,[   37] ,foto_150435_29072024.jpg
"2024-07-29,15:05:09",[   11] ,[   19] ,[   19] ,[   29] ,[   46] ,[   63] ,[   51] ,[   28] ,[   95] ,[   35] ,foto_150509_29072024.jpg
"2024-07-29,15:05:42",[    9] ,[   15] ,[   15] ,[   24] ,[   37] ,[   54] ,[   44] ,[   23] ,[   90] ,[   28] ,foto_150542_29072024.jpg
"2024-07-31,10:06:50",[  217] ,[ 1516] *,[  856] ,[ 1523] *,[ 1908] *,[ 1197] *,[  772] ,[  588] ,[ 2183] **,[  115] ,foto_100650_31072024.jpg
"2024-07-31,10:16:24",[  214] ,[ 1499] *,[  849] ,[ 1505] *,[ 1888] *,[ 1185] *,[  765] ,[  583] ,[ 2162] **,[  114] ,foto_101624_31072024.jpg
"2024-07-31,10:18:55",[  215] ,[ 1505] *,[  852] ,[ 1511] *,[ 1894] *,[ 1188] *,[  767] ,[  585] ,[ 2169] **,[  114] ,foto_101855_31072024.jpg
"2024-07-31,10:19:28",[  217] ,[ 1514] *,[  857] ,[ 1516] *,[ 1902] *,[ 1193] *,[  770] ,[  588] ,[ 2178] **,[  114] ,foto_101928_31072024.jpg
"2024-07-31,10:22:26",[    0] ,[    0] ,[    0] ,[    0] ,[    0] ,[    0] ,[    0] ,[    0] ,[    0] ,[    0] ,foto_102226_31072024.jpg
"2024-07-31,10:23:40",[  217] ,[ 1511] *,[  858] ,[ 1509] *,[ 1894] *,[ 1188] *,[  768] ,[  586] ,[ 2174] **,[  114] ,foto_102340_31072024.jpg
"2024-07-31,10:26:36",[  218] ,[ 1517] *,[  861] ,[ 1515] *,[ 1899] *,[ 1194] *,[  773] ,[  588] ,[ 2184] **,[  114] ,foto_102636_31072024.jpg
"2024-07-31,10:27:08",[  218] ,[ 1519] *,[  861] ,[ 1514] *,[ 1903] *,[ 1197] *,[  774] ,[  589] ,[ 2195] **,[  115] ,foto_102708_31072024.jpg
"2024-07-31,10:27:40",[  222] ,[ 1537] *,[  876] ,[ 1542] *,[ 1960] *,[ 1255] *,[  824] ,[  615] ,[ 2290] **,[  120] ,foto_102740_31072024.jpg
"2024-07-31,10:28:13",[  225] ,[ 1551] *,[  882] ,[ 1554] *,[ 2051] **,[ 1351] *,[  904] ,[  651] ,[ 2484] **,[  131] ,foto_102813_31072024.jpg
"2024-07-31,10:28:48",[  281] ,[ 1815] *,[ 1055] *,[ 1889] *,[ 2369] **,[ 1666] *,[ 1148] *,[  789] ,[ 2991] **,[  169] ,foto_102848_31072024.jpg
"2024-07-31,10:33:53",[  241] ,[ 1617] *,[  942] ,[ 1659] *,[ 2215] **,[ 1538] *,[ 1061] *,[  756] ,[ 2809] **,[  155] ,foto_103353_31072024.jpg
"2024-07-31,10:37:58",[  239] ,[ 1609] *,[  939] ,[ 1654] *,[ 2206] **,[ 1526] *,[ 1052] *,[  752] ,[ 2799] **,[  154] ,foto_103758_31072024.jpg
"2024-07-31,10:41:55",[  237] ,[ 1599] *,[  936] ,[ 1647] *,[ 2196] **,[ 1520] *,[ 1049] *,[  750] ,[ 2789] **,[  154] ,foto_104155_31072024.jpg
"2024-07-31,10:46:35",[  236] ,[ 1588] *,[  932] ,[ 1639] *,[ 2183] **,[ 1510] *,[ 1041] *,[  745] ,[ 2774] **,[  153] ,foto_104635_31072024.jpg
"2024-07-31,10:47:20",[  237] ,[ 1592] *,[  934] ,[ 1643] *,[ 2187] **,[ 1513] *,[ 1043] *,[  748] ,[ 2779] **,[  153] ,foto_104720_31072024.jpg
"2024-07-31,10:48:39",[  237] ,[ 1593] *,[  935] ,[ 1645] *,[ 2190] **,[ 1514] *,[ 1044] *,[  748] ,[ 2783] **,[  153] ,foto_104839_31072024.jpg
"2024-07-31,10:49:22",[  236] ,[ 1588] *,[  933] ,[ 1640] *,[ 2184] **,[ 1510] *,[ 1042] *,[  746] ,[ 2777] **,[  153] ,foto_104922_31072024.jpg
"2024-07-31,10:51:56",[  237] ,[ 1595] *,[  937] ,[ 1649] *,[ 2192] **,[ 1515] *,[ 1045] *,[  750] ,[ 2787] **,[  154] ,foto_105156_31072024.jpg
"2024-07-31,10:54:17",[  237] ,[ 1593] *,[  937] ,[ 1648] *,[ 2191] **,[ 1514] *,[ 1044] *,[  749] ,[ 2786] **,[  154] ,foto_105417_31072024.jpg
"2024-07-31,10:56:30",[  237] ,[ 1596] *,[  938] ,[ 1652] *,[ 2198] **,[ 1518] *,[ 1047] *,[  752] ,[ 2796] **,[  154] ,foto_105630_31072024.jpg
"2024-07-31,10:57:21",[  237] ,[ 1593] *,[  937] ,[ 1650] *,[ 2193] **,[ 1515] *,[ 1045] *,[  750] ,[ 2791] **,[  154] ,foto_105721_31072024.jpg
"2024-07-31,11:00:17",[  238] ,[ 1596] *,[  940] ,[ 1654] *,[ 2198] **,[ 1517] *,[ 1047] *,[  752] ,[ 2797] **,[  154] ,foto_110017_31072024.jpg
"2024-07-31,11:04:41",[  100] ,[  617] ,[  391] ,[  670] ,[ 1094] *,[  983] ,[  765] ,[  453] ,[ 2063] **,[  118] ,foto_110441_31072024.jpg
"2024-07-31,11:05:20",[   57] ,[  402] ,[  247] ,[  413] ,[  986] ,[  903] ,[  695] ,[  411] ,[ 1714] *,[  102] ,foto_110520_31072024.jpg
"2024-07-31,11:23:29",[   76] ,[  511] ,[  314] ,[  520] ,[  759] ,[  643] ,[  488] ,[  296] ,[ 1420] *,[   78] ,foto_112329_31072024.jpg
"2024-07-31,11:23:47",[   68] ,[  467] ,[  287] ,[  477] ,[  832] ,[  709] ,[  535] ,[  318] ,[ 1543] *,[   84] ,foto_112347_31072024.jpg
"2024-07-31,11:24:03",[  110] ,[  642] ,[  404] ,[  736] ,[  857] ,[  733] ,[  548] ,[  332] ,[ 1641] *,[   91] ,foto_112403_31072024.jpg
"2024-07-31,11:24:19",[  113] ,[  662] ,[  416] ,[  748] ,[  946] ,[  815] ,[  611] ,[  360] ,[ 1723] *,[   98] ,foto_112419_31072024.jpg
"2024-07-31,11:24:36",[   88] ,[  557] ,[  347] ,[  600] ,[  705] ,[  571] ,[  419] ,[  259] ,[ 1334] *,[   74] ,foto_112436_31072024.jpg
"2024-07-31,11:24:52",[   54] ,[  406] ,[  248] ,[  402] ,[  492] ,[  354] ,[  242] ,[  162] ,[  893] ,[   46] ,foto_112452_31072024.jpg
"2024-07-31,11:25:08",[   54] ,[  406] ,[  248] ,[  402] ,[  492] ,[  354] ,[  242] ,[  162] ,[  892] ,[   46] ,foto_112508_31072024.jpg
"2024-07-31,11:25:24",[   54] ,[  406] ,[  248] ,[  402] ,[  491] ,[  354] ,[  242] ,[  162] ,[  892] ,[   46] ,foto_112524_31072024.jpg
"2024-07-31,11:25:41",[   54] ,[  406] ,[  248] ,[  402] ,[  492] ,[  354] ,[  242] ,[  162] ,[  892] ,[   46] ,foto_112541_31072024.jpg
"2024-07-31,11:25:57",[   62] ,[  443] ,[  272] ,[  450] ,[  559] ,[  426] ,[  303] ,[  194] ,[ 1035] *,[   55] ,foto_112557_31072024.jpg
"2024-07-31,11:26:13",[   58] ,[  425] ,[  258] ,[  421] ,[  641] ,[  511] ,[  377] ,[  229] ,[ 1176] *,[   62] ,foto_112613_31072024.jpg
"2024-07-31,11:26:30",[   55] ,[  419] ,[  253] ,[  409] ,[  497] ,[  357] ,[  243] ,[  163] ,[  903] ,[   47] ,foto_112630_31072024.jpg
"2024-07-31,11:26:46",[   55] ,[  418] ,[  253] ,[  408] ,[  496] ,[  357] ,[  243] ,[  163] ,[  899] ,[   46] ,foto_112646_31072024.jpg
"2024-07-31,11:27:02",[   52] ,[  397] ,[  244] ,[  392] ,[  472] ,[  336] ,[  227] ,[  155] ,[  842] ,[   44] ,foto_112702_31072024.jpg
"2024-07-31,11:27:18",[   54] ,[  376] ,[  245] ,[  387] ,[  482] ,[  353] ,[  239] ,[  161] ,[  868] ,[   60] ,foto_112718_31072024.jpg
"2024-07-31,11:27:35",[   55] ,[  378] ,[  246] ,[  389] ,[  483] ,[  354] ,[  240] ,[  162] ,[  873] ,[   61] ,foto_112735_31072024.jpg
"2024-07-31,11:27:51",[   77] ,[  540] ,[  337] ,[  543] ,[  640] ,[  537] ,[  411] ,[  253] ,[ 1311] *,[   90] ,foto_112751_31072024.jpg
"2024-07-31,11:28:07",[   54] ,[  369] ,[  243] ,[  385] ,[  480] ,[  352] ,[  237] ,[  162] ,[  870] ,[   64] ,foto_112807_31072024.jpg
"2024-07-31,11:28:23",[   58] ,[  382] ,[  253] ,[  398] ,[  507] ,[  378] ,[  254] ,[  170] ,[  929] ,[   70] ,foto_112823_31072024.jpg
"2024-07-31,11:28:40",[   59] ,[  386] ,[  258] ,[  404] ,[  518] ,[  390] ,[  261] ,[  174] ,[  949] ,[   74] ,foto_112840_31072024.jpg
"2024-07-31,11:28:56",[   77] ,[  473] ,[  294] ,[  477] ,[  642] ,[  645] ,[  540] ,[  326] ,[ 1378] *,[  116] ,foto_112856_31072024.jpg
"2024-07-31,11:29:12",[   57] ,[  382] ,[  254] ,[  399] ,[  508] ,[  380] ,[  256] ,[  170] ,[  927] ,[   69] ,foto_112912_31072024.jpg
"2024-07-31,11:29:29",[   51] ,[  363] ,[  235] ,[  376] ,[  460] ,[  332] ,[  226] ,[  155] ,[  843] ,[   59] ,foto_112929_31072024.jpg
"2024-07-31,11:29:45",[   53] ,[  369] ,[  239] ,[  381] ,[  466] ,[  342] ,[  234] ,[  160] ,[  861] ,[   60] ,foto_112945_31072024.jpg
"2024-07-31,11:30:01",[   54] ,[  374] ,[  244] ,[  388] ,[  483] ,[  366] ,[  257] ,[  174] ,[  900] ,[   68] ,foto_113001_31072024.jpg
"2024-07-31,11:30:17",[   55] ,[  416] ,[  250] ,[  402] ,[  482] ,[  343] ,[  232] ,[  157] ,[  880] ,[   45] ,foto_113017_31072024.jpg
"2024-07-31,11:30:34",[   75] ,[  502] ,[  317] ,[  526] ,[  652] ,[  513] ,[  375] ,[  240] ,[ 1194] *,[   64] ,foto_113034_31072024.jpg
"2024-07-31,11:30:50",[   56] ,[  423] ,[  253] ,[  406] ,[  490] ,[  350] ,[  237] ,[  160] ,[  894] ,[   46] ,foto_113050_31072024.jpg
"2024-07-31,11:31:06",[   62] ,[  445] ,[  273] ,[  448] ,[  573] ,[  437] ,[  314] ,[  203] ,[ 1036] *,[   54] ,foto_113106_31072024.jpg
"2024-07-31,11:31:22",[   58] ,[  426] ,[  260] ,[  422] ,[  525] ,[  386] ,[  272] ,[  178] ,[  958] ,[   50] ,foto_113122_31072024.jpg
"2024-07-31,11:31:39",[   59] ,[  431] ,[  263] ,[  429] ,[  534] ,[  395] ,[  278] ,[  182] ,[  973] ,[   50] ,foto_113139_31072024.jpg
"2024-07-31,11:31:55",[   71] ,[  492] ,[  308] ,[  516] ,[  746] ,[  614] ,[  451] ,[  297] ,[ 1356] *,[   73] ,foto_113155_31072024.jpg
"2024-07-31,11:32:11",[   61] ,[  440] ,[  272] ,[  449] ,[  492] ,[  354] ,[  243] ,[  163] ,[  891] ,[   46] ,foto_113211_31072024.jpg
"2024-07-31,11:32:27",[   58] ,[  423] ,[  263] ,[  430] ,[  543] ,[  413] ,[  290] ,[  195] ,[  952] ,[   53] ,foto_113227_31072024.jpg
"2024-07-31,11:32:44",[   75] ,[  512] ,[  325] ,[  548] ,[  771] ,[  644] ,[  482] ,[  313] ,[ 1399] *,[   78] ,foto_113244_31072024.jpg
"2024-07-31,11:33:00",[   63] ,[  447] ,[  277] ,[  460] ,[  542] ,[  409] ,[  286] ,[  192] ,[  972] ,[   52] ,foto_113300_31072024.jpg
"2024-07-31,11:33:16",[   78] ,[  512] ,[  327] ,[  546] ,[  738] ,[  613] ,[  463] ,[  293] ,[ 1332] *,[   75] ,foto_113316_31072024.jpg
"2024-07-31,11:33:33",[   73] ,[  498] ,[  316] ,[  533] ,[  823] ,[  700] ,[  528] ,[  340] ,[ 1482] *,[   84] ,foto_113333_31072024.jpg
"2024-07-31,11:33:49",[   84] ,[  552] ,[  356] ,[  592] ,[  870] ,[  739] ,[  572] ,[  361] ,[ 1605] *,[   92] ,foto_113349_31072024.jpg
"2024-07-31,11:34:05",[   89] ,[  573] ,[  371] ,[  626] ,[  931] ,[  815] ,[  630] ,[  397] ,[ 1661] *,[   96] ,foto_113405_31072024.jpg
"2024-07-31,11:34:21",[   84] ,[  531] ,[  346] ,[  589] ,[  950] ,[  839] ,[  646] ,[  403] ,[ 1615] *,[   98] ,foto_113421_31072024.jpg
"2024-07-31,11:34:38",[   94] ,[  590] ,[  384] ,[  661] ,[  963] ,[  850] ,[  662] ,[  412] ,[ 1675] *,[  101] ,foto_113438_31072024.jpg
"2024-07-31,11:34:54",[  116] ,[  716] ,[  462] ,[  808] ,[ 1251] *,[ 1167] *,[  898] ,[  568] ,[ 1990] *,[  122] ,foto_113454_31072024.jpg
"2024-07-31,11:35:10",[  112] ,[  689] ,[  450] ,[  786] ,[ 1228] *,[ 1139] *,[  875] ,[  558] ,[ 1975] *,[  122] ,foto_113510_31072024.jpg
"2024-07-31,11:35:26",[  113] ,[  690] ,[  451] ,[  787] ,[ 1230] *,[ 1141] *,[  877] ,[  559] ,[ 1978] *,[  122] ,foto_113526_31072024.jpg
"2024-07-31,11:35:43",[  103] ,[  641] ,[  418] ,[  725] ,[ 1134] *,[ 1029] *,[  797] ,[  501] ,[ 1913] *,[  116] ,foto_113543_31072024.jpg
"2024-07-31,11:35:59",[   91] ,[  578] ,[  374] ,[  634] ,[  953] ,[  838] ,[  643] ,[  403] ,[ 1705] *,[   96] ,foto_113559_31072024.jpg
"2024-07-31,11:36:15",[   87] ,[  549] ,[  360] ,[  610] ,[  912] ,[  794] ,[  613] ,[  389] ,[ 1674] *,[   96] ,foto_113615_31072024.jpg
"2024-07-31,11:36:32",[   45] ,[  332] ,[  211] ,[  351] ,[  407] ,[  277] ,[  185] ,[  132] ,[  724] ,[   37] ,foto_113632_31072024.jpg
"2024-07-31,11:36:48",[   45] ,[  315] ,[  209] ,[  343] ,[  398] ,[  274] ,[  181] ,[  131] ,[  719] ,[   48] ,foto_113648_31072024.jpg
"2024-07-31,11:37:04",[   52] ,[  318] ,[  223] ,[  360] ,[  444] ,[  323] ,[  215] ,[  148] ,[  811] ,[   65] ,foto_113704_31072024.jpg
"2024-07-31,11:37:20",[   44] ,[  314] ,[  208] ,[  343] ,[  391] ,[  266] ,[  177] ,[  129] ,[  706] ,[   46] ,foto_113720_31072024.jpg
"2024-07-31,11:37:37",[   47] ,[  351] ,[  218] ,[  360] ,[  421] ,[  288] ,[  191] ,[  136] ,[  766] ,[   39] ,foto_113737_31072024.jpg
"2024-07-31,11:37:53",[   48] ,[  359] ,[  221] ,[  366] ,[  425] ,[  291] ,[  194] ,[  136] ,[  769] ,[   39] ,foto_113753_31072024.jpg
"2024-07-31,11:38:09",[   48] ,[  356] ,[  220] ,[  363] ,[  420] ,[  288] ,[  191] ,[  135] ,[  764] ,[   39] ,foto_113809_31072024.jpg
"2024-07-31,11:38:25",[   48] ,[  355] ,[  219] ,[  362] ,[  420] ,[  288] ,[  191] ,[  136] ,[  765] ,[   39] ,foto_113825_31072024.jpg
"2024-07-31,11:38:42",[   48] ,[  355] ,[  219] ,[  362] ,[  420] ,[  287] ,[  191] ,[  135] ,[  764] ,[   39] ,foto_113842_31072024.jpg
"2024-07-31,11:38:58",[   48] ,[  356] ,[  220] ,[  362] ,[  420] ,[  288] ,[  191] ,[  136] ,[  764] ,[   39] ,foto_113858_31072024.jpg
"2024-07-31,11:39:14",[   48] ,[  355] ,[  219] ,[  363] ,[  420] ,[  287] ,[  191] ,[  136] ,[  764] ,[   39] ,foto_113914_31072024.jpg
"2024-07-31,11:39:31",[   48] ,[  356] ,[  219] ,[  362] ,[  420] ,[  287] ,[  191] ,[  136] ,[  764] ,[   39] ,foto_113931_31072024.jpg
"2024-07-31,11:40:11",[   47] ,[  354] ,[  218] ,[  360] ,[  418] ,[  286] ,[  190] ,[  135] ,[  761] ,[   39] ,foto_114011_31072024.jpg
"2024-07-31,11:40:29",[   48] ,[  353] ,[  218] ,[  361] ,[  417] ,[  286] ,[  190] ,[  135] ,[  760] ,[   39] ,foto_114029_31072024.jpg
"2024-07-31,11:40:45",[   47] ,[  353] ,[  218] ,[  361] ,[  417] ,[  286] ,[  190] ,[  135] ,[  760] ,[   39] ,foto_114045_31072024.jpg
"2024-07-31,11:41:02",[   47] ,[  354] ,[  218] ,[  361] ,[  418] ,[  286] ,[  190] ,[  135] ,[  760] ,[   39] ,foto_114102_31072024.jpg
"2024-07-31,11:41:18",[   48] ,[  354] ,[  219] ,[  361] ,[  418] ,[  287] ,[  191] ,[  135] ,[  761] ,[   39] ,foto_114118_31072024.jpg
"2024-07-31,11:41:34",[   48] ,[  355] ,[  219] ,[  362] ,[  419] ,[  287] ,[  191] ,[  135] ,[  761] ,[   39] ,foto_114134_31072024.jpg
"2024-07-31,11:41:50",[   48] ,[  355] ,[  219] ,[  362] ,[  420] ,[  287] ,[  191] ,[  135] ,[  758] ,[   39] ,foto_114150_31072024.jpg
"2024-07-31,11:42:07",[   53] ,[  381] ,[  237] ,[  395] ,[  474] ,[  342] ,[  239] ,[  161] ,[  858] ,[   44] ,foto_114207_31072024.jpg
"2024-07-31,11:42:23",[   50] ,[  369] ,[  226] ,[  372] ,[  435] ,[  301] ,[  201] ,[  141] ,[  788] ,[   40] ,foto_114223_31072024.jpg
"2024-07-31,11:42:39",[   58] ,[  409] ,[  255] ,[  427] ,[  543] ,[  411] ,[  298] ,[  194] ,[  994] ,[   53] ,foto_114239_31072024.jpg
"2024-07-31,11:42:56",[   51] ,[  382] ,[  234] ,[  384] ,[  457] ,[  322] ,[  218] ,[  150] ,[  826] ,[   42] ,foto_114256_31072024.jpg
"2024-07-31,11:43:12",[   54] ,[  403] ,[  244] ,[  399] ,[  483] ,[  348] ,[  236] ,[  159] ,[  867] ,[   45] ,foto_114312_31072024.jpg
"2024-07-31,11:43:28",[   53] ,[  401] ,[  242] ,[  392] ,[  470] ,[  333] ,[  222] ,[  152] ,[  838] ,[   43] ,foto_114328_31072024.jpg
"2024-07-31,11:43:44",[   53] ,[  401] ,[  242] ,[  392] ,[  470] ,[  334] ,[  222] ,[  153] ,[  838] ,[   43] ,foto_114344_31072024.jpg
"2024-07-31,11:44:01",[   53] ,[  400] ,[  242] ,[  391] ,[  469] ,[  333] ,[  222] ,[  152] ,[  838] ,[   43] ,foto_114401_31072024.jpg
"2024-07-31,11:44:17",[   53] ,[  401] ,[  242] ,[  392] ,[  468] ,[  333] ,[  222] ,[  152] ,[  838] ,[   43] ,foto_114417_31072024.jpg
"2024-07-31,11:44:33",[   53] ,[  401] ,[  242] ,[  392] ,[  467] ,[  332] ,[  221] ,[  152] ,[  838] ,[   43] ,foto_114433_31072024.jpg
"2024-07-31,11:44:50",[   66] ,[  477] ,[  292] ,[  481] ,[  711] ,[  579] ,[  419] ,[  276] ,[ 1285] *,[   69] ,foto_114450_31072024.jpg
"2024-07-31,11:45:06",[   64] ,[  466] ,[  284] ,[  466] ,[  511] ,[  375] ,[  254] ,[  171] ,[  909] ,[   47] ,foto_114506_31072024.jpg
"2024-07-31,11:45:22",[   56] ,[  426] ,[  255] ,[  411] ,[  494] ,[  356] ,[  238] ,[  161] ,[  875] ,[   45] ,foto_114522_31072024.jpg
"2024-07-31,11:45:38",[   56] ,[  427] ,[  255] ,[  411] ,[  496] ,[  359] ,[  240] ,[  162] ,[  878] ,[   46] ,foto_114538_31072024.jpg
"2024-07-31,11:45:55",[   56] ,[  428] ,[  255] ,[  411] ,[  497] ,[  359] ,[  240] ,[  162] ,[  878] ,[   46] ,foto_114555_31072024.jpg
"2024-07-31,11:46:11",[   57] ,[  439] ,[  262] ,[  419] ,[  512] ,[  372] ,[  249] ,[  167] ,[  902] ,[   47] ,foto_114611_31072024.jpg
"2024-07-31,11:46:27",[   60] ,[  458] ,[  272] ,[  434] ,[  585] ,[  446] ,[  313] ,[  199] ,[ 1038] *,[   55] ,foto_114627_31072024.jpg
"2024-07-31,11:46:44",[   65] ,[  488] ,[  292] ,[  468] ,[  564] ,[  423] ,[  288] ,[  189] ,[  989] ,[   52] ,foto_114644_31072024.jpg
"2024-07-31,11:47:00",[   69] ,[  513] ,[  305] ,[  489] ,[  579] ,[  436] ,[  298] ,[  193] ,[ 1012] *,[   53] ,foto_114700_31072024.jpg
"2024-07-31,11:47:16",[   62] ,[  480] ,[  284] ,[  448] ,[  558] ,[  415] ,[  278] ,[  183] ,[  969] ,[   51] ,foto_114716_31072024.jpg
"2024-07-31,11:47:33",[   62] ,[  481] ,[  284] ,[  448] ,[  557] ,[  415] ,[  277] ,[  183] ,[  968] ,[   51] ,foto_114733_31072024.jpg
"2024-07-31,11:47:49",[   62] ,[  481] ,[  284] ,[  448] ,[  558] ,[  416] ,[  278] ,[  183] ,[  970] ,[   51] ,foto_114749_31072024.jpg
"2024-07-31,11:58:02",[   62] ,[  484] ,[  286] ,[  451] ,[  561] ,[  418] ,[  279] ,[  185] ,[  977] ,[   51] ,foto_115802_31072024.jpg
"2024-07-31,12:46:04",[   61] ,[  476] ,[  281] ,[  444] ,[  552] ,[  411] ,[  275] ,[  182] ,[  961] ,[   51] ,foto_124604_31072024.jpg
"2024-07-31,12:46:22",[   61] ,[  477] ,[  281] ,[  444] ,[  553] ,[  410] ,[  275] ,[  182] ,[  961] ,[   51] ,foto_124622_31072024.jpg
"2024-07-31,13:02:35",[   62] ,[  481] ,[  284] ,[  449] ,[  558] ,[  415] ,[  278] ,[  184] ,[  971] ,[   51] ,foto_130234_31072024.jpg
"2024-07-31,13:04:07",[   62] ,[  481] ,[  284] ,[  448] ,[  557] ,[  414] ,[  277] ,[  184] ,[  969] ,[   51] ,foto_130407_31072024.jpg
"2024-07-31,13:04:25",[   62] ,[  480] ,[  283] ,[  447] ,[  556] ,[  413] ,[  277] ,[  183] ,[  967] ,[   51] ,foto_130425_31072024.jpg
"2024-07-31,13:04:40",[   62] ,[  479] ,[  283] ,[  447] ,[  556] ,[  414] ,[  277] ,[  183] ,[  968] ,[   51] ,foto_130440_31072024.jpg
"2024-07-31,13:04:56",[   62] ,[  479] ,[  283] ,[  447] ,[  555] ,[  413] ,[  277] ,[  183] ,[  966] ,[   51] ,foto_130456_31072024.jpg
"2024-07-31,13:05:15",[   61] ,[  479] ,[  283] ,[  446] ,[  554] ,[  412] ,[  276] ,[  183] ,[  965] ,[   51] ,foto_130515_31072024.jpg
"2024-07-31,13:05:57",[   61] ,[  479] ,[  283] ,[  446] ,[  554] ,[  413] ,[  276] ,[  183] ,[  965] ,[   51] ,foto_130557_31072024.jpg
"2024-07-31,13:06:13",[   61] ,[  459] ,[  280] ,[  439] ,[  551] ,[  414] ,[  279] ,[  184] ,[  945] ,[   60] ,foto_130613_31072024.jpg
"2024-07-31,13:06:48",[   68] ,[  463] ,[  295] ,[  458] ,[  600] ,[  465] ,[  314] ,[  204] ,[ 1062] *,[   87] ,foto_130648_31072024.jpg
"2024-07-31,13:07:04",[   68] ,[  463] ,[  294] ,[  457] ,[  600] ,[  465] ,[  312] ,[  202] ,[ 1056] *,[   82] ,foto_130704_31072024.jpg
"2024-07-31,13:07:19",[   70] ,[  467] ,[  299] ,[  463] ,[  612] ,[  477] ,[  321] ,[  207] ,[ 1082] *,[   89] ,foto_130719_31072024.jpg
"2024-07-31,13:07:34",[   70] ,[  467] ,[  298] ,[  462] ,[  611] ,[  476] ,[  320] ,[  206] ,[ 1079] *,[   87] ,foto_130734_31072024.jpg
"2024-07-31,13:07:48",[   68] ,[  464] ,[  295] ,[  458] ,[  602] ,[  467] ,[  313] ,[  203] ,[ 1059] *,[   83] ,foto_130748_31072024.jpg
"2024-07-31,13:08:03",[   59] ,[  448] ,[  274] ,[  431] ,[  543] ,[  407] ,[  276] ,[  183] ,[  940] ,[   58] ,foto_130803_31072024.jpg
"2024-07-31,13:08:18",[   61] ,[  475] ,[  281] ,[  443] ,[  550] ,[  409] ,[  273] ,[  181] ,[  959] ,[   50] ,foto_130818_31072024.jpg
"2024-07-31,13:08:33",[   61] ,[  476] ,[  282] ,[  443] ,[  551] ,[  409] ,[  274] ,[  181] ,[  961] ,[   51] ,foto_130833_31072024.jpg
"2024-07-31,13:08:48",[   91] ,[  618] ,[  375] ,[  621] ,[  928] ,[  784] ,[  568] ,[  342] ,[ 1675] *,[   92] ,foto_130848_31072024.jpg
"2024-07-31,13:09:03",[   63] ,[  477] ,[  285] ,[  454] ,[  656] ,[  526] ,[  380] ,[  233] ,[ 1165] *,[   62] ,foto_130903_31072024.jpg
"2024-07-31,13:09:17",[   71] ,[  504] ,[  305] ,[  502] ,[  613] ,[  475] ,[  332] ,[  209] ,[ 1095] *,[   59] ,foto_130917_31072024.jpg
"2024-07-31,13:09:32",[   72] ,[  514] ,[  311] ,[  510] ,[  950] ,[  837] ,[  625] ,[  373] ,[ 1673] *,[   94] ,foto_130932_31072024.jpg
"2024-07-31,13:09:47",[   65] ,[  477] ,[  289] ,[  472] ,[  615] ,[  470] ,[  326] ,[  208] ,[ 1098] *,[   59] ,foto_130947_31072024.jpg
"2024-07-31,13:10:02",[   60] ,[  463] ,[  275] ,[  434] ,[  535] ,[  394] ,[  264] ,[  175] ,[  940] ,[   49] ,foto_131002_31072024.jpg
"2024-07-31,13:10:17",[   69] ,[  497] ,[  299] ,[  485] ,[  616] ,[  479] ,[  337] ,[  210] ,[ 1084] *,[   58] ,foto_131017_31072024.jpg
"2024-07-31,13:10:32",[   67] ,[  492] ,[  295] ,[  473] ,[  561] ,[  419] ,[  286] ,[  185] ,[  988] ,[   52] ,foto_131032_31072024.jpg
"2024-07-31,13:11:48",[   61] ,[  469] ,[  280] ,[  437] ,[  540] ,[  397] ,[  268] ,[  177] ,[  960] ,[   50] ,foto_131148_31072024.jpg
"2024-07-31,14:21:34",[   61] ,[  470] ,[  279] ,[  440] ,[  544] ,[  401] ,[  270] ,[  179] ,[  966] ,[   51] ,foto_142134_31072024.jpg
"2024-07-31,14:21:49",[   68] ,[  504] ,[  302] ,[  488] ,[  683] ,[  552] ,[  394] ,[  249] ,[ 1218] *,[   69] ,foto_142149_31072024.jpg
"2024-07-31,14:22:03",[  116] ,[  697] ,[  429] ,[  753] ,[  651] ,[  513] ,[  365] ,[  228] ,[ 1171] *,[   63] ,foto_142203_31072024.jpg
"2024-07-31,14:22:17",[   62] ,[  476] ,[  282] ,[  443] ,[  549] ,[  406] ,[  274] ,[  181] ,[  980] ,[   51] ,foto_142217_31072024.jpg
"2024-07-31,14:22:31",[   62] ,[  478] ,[  283] ,[  445] ,[  666] ,[  524] ,[  363] ,[  231] ,[ 1157] *,[   62] ,foto_142231_31072024.jpg
"2024-07-31,14:22:46",[   68] ,[  511] ,[  304] ,[  484] ,[  550] ,[  407] ,[  275] ,[  181] ,[  980] ,[   51] ,foto_142246_31072024.jpg
"2024-07-31,14:23:02",[   62] ,[  477] ,[  283] ,[  442] ,[  549] ,[  407] ,[  275] ,[  181] ,[  980] ,[   51] ,foto_142302_31072024.jpg
"2024-07-31,14:23:17",[   62] ,[  482] ,[  285] ,[  446] ,[  556] ,[  411] ,[  278] ,[  183] ,[  990] ,[   52] ,foto_142317_31072024.jpg
"2024-07-31,14:27:31",[   63] ,[  487] ,[  288] ,[  450] ,[  561] ,[  415] ,[  281] ,[  185] ,[ 1000] *,[   52] ,foto_142731_31072024.jpg
"2024-07-31,14:27:47",[   65] ,[  501] ,[  295] ,[  464] ,[  562] ,[  416] ,[  282] ,[  185] ,[ 1000] *,[   52] ,foto_142747_31072024.jpg
"2024-07-31,14:28:01",[   63] ,[  488] ,[  288] ,[  450] ,[  561] ,[  416] ,[  281] ,[  185] ,[ 1000] *,[   53] ,foto_142801_31072024.jpg
"2024-07-31,14:28:59",[   64] ,[  494] ,[  292] ,[  459] ,[  578] ,[  433] ,[  294] ,[  192] ,[ 1025] *,[   54] ,foto_142859_31072024.jpg
"2024-07-31,14:29:11",[   63] ,[  489] ,[  289] ,[  452] ,[  563] ,[  418] ,[  283] ,[  186] ,[ 1002] *,[   53] ,foto_142911_31072024.jpg
"2024-07-31,14:29:21",[   64] ,[  493] ,[  291] ,[  455] ,[  567] ,[  421] ,[  285] ,[  187] ,[ 1007] *,[   53] ,foto_142921_31072024.jpg
"2024-07-31,14:29:31",[   63] ,[  492] ,[  291] ,[  453] ,[  567] ,[  421] ,[  285] ,[  187] ,[ 1009] *,[   53] ,foto_142931_31072024.jpg
"2024-07-31,14:29:40",[   64] ,[  495] ,[  292] ,[  456] ,[  569] ,[  423] ,[  287] ,[  187] ,[ 1013] *,[   53] ,foto_142940_31072024.jpg
"2024-07-31,14:29:50",[   75] ,[  541] ,[  325] ,[  527] ,[  719] ,[  573] ,[  415] ,[  252] ,[ 1320] *,[   71] ,foto_142950_31072024.jpg
"2024-07-31,14:30:00",[   75] ,[  543] ,[  326] ,[  528] ,[  721] ,[  575] ,[  416] ,[  253] ,[ 1324] *,[   71] ,foto_143000_31072024.jpg
"2024-07-31,14:30:10",[   64] ,[  495] ,[  293] ,[  458] ,[  576] ,[  430] ,[  292] ,[  191] ,[ 1025] *,[   54] ,foto_143010_31072024.jpg
"2024-07-31,14:30:20",[   72] ,[  529] ,[  318] ,[  511] ,[  715] ,[  582] ,[  411] ,[  257] ,[ 1270] *,[   71] ,foto_143020_31072024.jpg
"2024-07-31,14:30:30",[   65] ,[  504] ,[  297] ,[  463] ,[  580] ,[  433] ,[  293] ,[  191] ,[ 1025] *,[   54] ,foto_143030_31072024.jpg
"2024-07-31,14:30:40",[   76] ,[  551] ,[  330] ,[  536] ,[  735] ,[  585] ,[  416] ,[  256] ,[ 1302] *,[   70] ,foto_143040_31072024.jpg
"2024-07-31,14:30:50",[   78] ,[  565] ,[  337] ,[  549] ,[  760] ,[  611] ,[  439] ,[  266] ,[ 1352] *,[   73] ,foto_143050_31072024.jpg
"2024-07-31,14:31:00",[  149] ,[  877] ,[  543] ,[  947] ,[ 1651] *,[ 1598] *,[ 1246] *,[  730] ,[ 2738] **,[  170] ,foto_143100_31072024.jpg
"2024-07-31,14:31:10",[  160] ,[  906] ,[  568] ,[ 1025] *,[ 1776] *,[ 1753] *,[ 1354] *,[  802] ,[ 2742] **,[  176] ,foto_143110_31072024.jpg
"2024-07-31,14:31:19",[  166] ,[  927] ,[  576] ,[ 1028] *,[ 1854] *,[ 1813] *,[ 1416] *,[  839] ,[ 2931] **,[  185] ,foto_143119_31072024.jpg
"2024-07-31,14:31:29",[  152] ,[  853] ,[  538] ,[  979] ,[ 1800] *,[ 1763] *,[ 1353] *,[  801] ,[ 2774] **,[  174] ,foto_143129_31072024.jpg
"2024-07-31,14:31:39",[  143] ,[  797] ,[  504] ,[  900] ,[ 1765] *,[ 1715] *,[ 1339] *,[  791] ,[ 2870] **,[  179] ,foto_143139_31072024.jpg
"2024-07-31,14:31:49",[  166] ,[  912] ,[  571] ,[ 1046] *,[ 1926] *,[ 1939] *,[ 1479] *,[  875] ,[ 2922] **,[  188] ,foto_143149_31072024.jpg
"2024-07-31,14:31:59",[  155] ,[  882] ,[  555] ,[ 1028] *,[ 1810] *,[ 1807] *,[ 1379] *,[  813] ,[ 2614] **,[  170] ,foto_143159_31072024.jpg
"2024-07-31,14:32:09",[  138] ,[  740] ,[  480] ,[  885] ,[ 1516] *,[ 1482] *,[ 1206] *,[  717] ,[ 2494] **,[  163] ,foto_143209_31072024.jpg
"2024-07-31,14:32:19",[  144] ,[  788] ,[  504] ,[  918] ,[ 1673] *,[ 1657] *,[ 1304] *,[  779] ,[ 2570] **,[  167] ,foto_143219_31072024.jpg
"2024-07-31,14:32:29",[  150] ,[  825] ,[  527] ,[  962] ,[ 1772] *,[ 1737] *,[ 1358] *,[  796] ,[ 2820] **,[  175] ,foto_143229_31072024.jpg
"2024-07-31,14:32:39",[  151] ,[  833] ,[  528] ,[  962] ,[ 1750] *,[ 1724] *,[ 1350] *,[  806] ,[ 2694] **,[  172] ,foto_143239_31072024.jpg
"2024-07-31,14:32:49",[  165] ,[  905] ,[  576] ,[ 1069] *,[ 1919] *,[ 1886] *,[ 1445] *,[  846] ,[ 2912] **,[  185] ,foto_143249_31072024.jpg
"2024-07-31,14:32:58",[  152] ,[  847] ,[  536] ,[  971] ,[ 1748] *,[ 1709] *,[ 1335] *,[  785] ,[ 2838] **,[  173] ,foto_143258_31072024.jpg
"2024-07-31,15:23:37",[  102] ,[  618] ,[  411] ,[  713] ,[ 1091] *,[  990] ,[  778] ,[  491] ,[ 1860] *,[  113] ,foto_152337_31072024.jpg
"2024-07-31,15:23:49",[  104] ,[  648] ,[  425] ,[  737] ,[ 1154] *,[ 1054] *,[  818] ,[  521] ,[ 1849] *,[  112] ,foto_152349_31072024.jpg
"2024-07-31,15:23:59",[  108] ,[  672] ,[  442] ,[  768] ,[ 1110] *,[ 1015] *,[  785] ,[  500] ,[ 1809] *,[  110] ,foto_152359_31072024.jpg
"2024-07-31,15:24:09",[  108] ,[  654] ,[  436] ,[  769] ,[ 1088] *,[  986] ,[  769] ,[  489] ,[ 1828] *,[  112] ,foto_152409_31072024.jpg
"2024-07-31,15:24:19",[  111] ,[  685] ,[  449] ,[  784] ,[ 1126] *,[ 1023] *,[  795] ,[  500] ,[ 1856] *,[  114] ,foto_152419_31072024.jpg
"2024-07-31,15:24:29",[  100] ,[  616] ,[  409] ,[  721] ,[  907] ,[  788] ,[  614] ,[  386] ,[ 1662] *,[   96] ,foto_152429_31072024.jpg
"2024-07-31,15:24:38",[  103] ,[  634] ,[  420] ,[  737] ,[ 1116] *,[ 1010] *,[  785] ,[  496] ,[ 1805] *,[  109] ,foto_152438_31072024.jpg
"2024-07-31,15:24:48",[   78] ,[  499] ,[  329] ,[  555] ,[  802] ,[  682] ,[  521] ,[  331] ,[ 1443] *,[   81] ,foto_152448_31072024.jpg
"2024-07-31,15:30:13",[   97] ,[  636] ,[  402] ,[  657] ,[ 1000] *,[  863] ,[  666] ,[  411] ,[ 1901] *,[  107] ,foto_153013_31072024.jpg
"2024-07-31,15:30:24",[   49] ,[  353] ,[  226] ,[  378] ,[  460] ,[  326] ,[  224] ,[  156] ,[  830] ,[   43] ,foto_153024_31072024.jpg
"2024-07-31,15:30:34",[   48] ,[  353] ,[  223] ,[  371] ,[  455] ,[  319] ,[  216] ,[  152] ,[  816] ,[   42] ,foto_153034_31072024.jpg
"2024-07-31,15:30:44",[   50] ,[  368] ,[  232] ,[  383] ,[  440] ,[  304] ,[  206] ,[  144] ,[  796] ,[   41] ,foto_153044_31072024.jpg
"2024-07-31,15:30:54",[   52] ,[  383] ,[  242] ,[  401] ,[  482] ,[  346] ,[  238] ,[  163] ,[  858] ,[   45] ,foto_153054_31072024.jpg
"2024-07-31,15:31:04",[   53] ,[  383] ,[  242] ,[  401] ,[  482] ,[  345] ,[  237] ,[  163] ,[  857] ,[   45] ,foto_153104_31072024.jpg
"2024-07-31,15:31:14",[   53] ,[  383] ,[  242] ,[  401] ,[  482] ,[  346] ,[  237] ,[  163] ,[  857] ,[   45] ,foto_153114_31072024.jpg
"2024-07-31,15:31:24",[   53] ,[  383] ,[  242] ,[  401] ,[  481] ,[  345] ,[  237] ,[  163] ,[  855] ,[   45] ,foto_153124_31072024.jpg
"2024-07-31,15:31:34",[   52] ,[  382] ,[  242] ,[  401] ,[  481] ,[  345] ,[  237] ,[  163] ,[  856] ,[   45] ,foto_153134_31072024.jpg
"2024-07-31,15:31:44",[   52] ,[  383] ,[  242] ,[  401] ,[  482] ,[  346] ,[  238] ,[  164] ,[  857] ,[   45] ,foto_153144_31072024.jpg
"2024-07-31,15:31:54",[   51] ,[  382] ,[  238] ,[  390] ,[  472] ,[  335] ,[  226] ,[  157] ,[  841] ,[   44] ,foto_153154_31072024.jpg
"2024-07-31,15:32:03",[   53] ,[  396] ,[  245] ,[  399] ,[  478] ,[  339] ,[  229] ,[  157] ,[  850] ,[   44] ,foto_153203_31072024.jpg
"2024-07-31,15:32:13",[   54] ,[  407] ,[  250] ,[  404] ,[  480] ,[  340] ,[  227] ,[  156] ,[  843] ,[   44] ,foto_153213_31072024.jpg
"2024-07-31,15:32:23",[   62] ,[  454] ,[  281] ,[  464] ,[  588] ,[  448] ,[  316] ,[  208] ,[ 1030] *,[   55] ,foto_153223_31072024.jpg
"2024-07-31,15:32:33",[   62] ,[  453] ,[  282] ,[  464] ,[  589] ,[  448] ,[  316] ,[  208] ,[ 1030] *,[   55] ,foto_153233_31072024.jpg
"2024-07-31,15:38:52",[  133] ,[  727] ,[  465] ,[  850] ,[ 1492] *,[ 1447] *,[ 1141] *,[  666] ,[ 2431] **,[  154] ,foto_153852_31072024.jpg
"2024-07-31,15:39:03",[  135] ,[  763] ,[  485] ,[  873] ,[ 1712] *,[ 1657] *,[ 1287] *,[  743] ,[ 2650] **,[  170] ,foto_153903_31072024.jpg
"2024-07-31,15:39:13",[  151] ,[  849] ,[  539] ,[  986] ,[ 1705] *,[ 1680] *,[ 1307] *,[  768] ,[ 2631] **,[  169] ,foto_153913_31072024.jpg
"2024-07-31,15:39:23",[  141] ,[  757] ,[  486] ,[  900] ,[ 1682] *,[ 1672] *,[ 1324] *,[  794] ,[ 2716] **,[  172] ,foto_153923_31072024.jpg
"2024-07-31,15:39:33",[  137] ,[  775] ,[  499] ,[  896] ,[ 1583] *,[ 1501] *,[ 1189] *,[  689] ,[ 2625] **,[  161] ,foto_153933_31072024.jpg
"2024-07-31,16:18:02",[  107] ,[  600] ,[  395] ,[  719] ,[ 1181] *,[ 1114] *,[  877] ,[  519] ,[ 2178] **,[  127] ,foto_161802_31072024.jpg
"2024-07-31,16:18:13",[   60] ,[  392] ,[  257] ,[  456] ,[  752] ,[  626] ,[  470] ,[  293] ,[ 1360] *,[   75] ,foto_161813_31072024.jpg
"2024-07-31,16:18:23",[   78] ,[  500] ,[  319] ,[  564] ,[  656] ,[  532] ,[  390] ,[  249] ,[ 1166] *,[   64] ,foto_161823_31072024.jpg
"2024-07-31,16:18:33",[   84] ,[  510] ,[  332] ,[  571] ,[  919] ,[  801] ,[  617] ,[  365] ,[ 1702] *,[   98] ,foto_161833_31072024.jpg
"2024-07-31,16:22:45",[   97] ,[  611] ,[  402] ,[  691] ,[ 1030] *,[  913] ,[  715] ,[  450] ,[ 1775] *,[  106] ,foto_162245_31072024.jpg
"2024-07-31,16:22:56",[  101] ,[  616] ,[  409] ,[  720] ,[ 1153] *,[ 1057] *,[  823] ,[  516] ,[ 1823] *,[  115] ,foto_162256_31072024.jpg
"2024-07-31,16:23:06",[   81] ,[  512] ,[  342] ,[  584] ,[  834] ,[  718] ,[  552] ,[  349] ,[ 1454] *,[   85] ,foto_162306_31072024.jpg
"2024-07-31,16:23:16",[   57] ,[  387] ,[  254] ,[  428] ,[  558] ,[  429] ,[  318] ,[  207] ,[ 1032] *,[   56] ,foto_162316_31072024.jpg
"2024-07-31,16:23:26",[   57] ,[  387] ,[  254] ,[  428] ,[  558] ,[  429] ,[  318] ,[  207] ,[ 1031] *,[   56] ,foto_162326_31072024.jpg
"2024-07-31,16:23:35",[   57] ,[  387] ,[  254] ,[  428] ,[  558] ,[  428] ,[  318] ,[  207] ,[ 1032] *,[   56] ,foto_162335_31072024.jpg
"2024-07-31,16:23:45",[   57] ,[  387] ,[  254] ,[  428] ,[  558] ,[  428] ,[  318] ,[  207] ,[ 1031] *,[   56] ,foto_162345_31072024.jpg
"2024-07-31,16:23:55",[   75] ,[  484] ,[  325] ,[  552] ,[  789] ,[  668] ,[  519] ,[  334] ,[ 1437] *,[   82] ,foto_162355_31072024.jpg
"2024-07-31,16:24:05",[   40] ,[  264] ,[  196] ,[  324] ,[  373] ,[  251] ,[  169] ,[  125] ,[  648] ,[   43] ,foto_162405_31072024.jpg
"2024-07-31,16:24:15",[   52] ,[  284] ,[  218] ,[  349] ,[  405] ,[  301] ,[  189] ,[  141] ,[  854] ,[   68] ,foto_162415_31072024.jpg
"2024-07-31,16:24:25",[   41] ,[  266] ,[  199] ,[  328] ,[  378] ,[  257] ,[  174] ,[  129] ,[  668] ,[   48] ,foto_162425_31072024.jpg
"2024-07-31,16:24:35",[   43] ,[  269] ,[  201] ,[  330] ,[  381] ,[  260] ,[  176] ,[  130] ,[  675] ,[   50] ,foto_162435_31072024.jpg
"2024-07-31,16:24:45",[   43] ,[  269] ,[  202] ,[  331] ,[  383] ,[  262] ,[  176] ,[  130] ,[  674] ,[   50] ,foto_162445_31072024.jpg
"2024-07-31,16:24:55",[   43] ,[  269] ,[  202] ,[  330] ,[  382] ,[  260] ,[  176] ,[  129] ,[  675] ,[   51] ,foto_162455_31072024.jpg
"2024-07-31,16:25:05",[   42] ,[  268] ,[  201] ,[  330] ,[  380] ,[  260] ,[  178] ,[  130] ,[  673] ,[   50] ,foto_162505_31072024.jpg
"2024-07-31,16:25:15",[   43] ,[  270] ,[  203] ,[  332] ,[  384] ,[  265] ,[  180] ,[  132] ,[  683] ,[   51] ,foto_162515_31072024.jpg
"2024-07-31,16:25:25",[   43] ,[  269] ,[  202] ,[  331] ,[  382] ,[  263] ,[  180] ,[  131] ,[  678] ,[   50] ,foto_162525_31072024.jpg
"2024-07-31,16:25:34",[   42] ,[  269] ,[  202] ,[  330] ,[  381] ,[  261] ,[  177] ,[  130] ,[  677] ,[   50] ,foto_162534_31072024.jpg
"2024-07-31,16:25:44",[   43] ,[  269] ,[  202] ,[  331] ,[  383] ,[  263] ,[  179] ,[  131] ,[  678] ,[   51] ,foto_162544_31072024.jpg
"2024-07-31,16:25:54",[   41] ,[  266] ,[  199] ,[  327] ,[  372] ,[  254] ,[  172] ,[  128] ,[  663] ,[   48] ,foto_162554_31072024.jpg
"2024-07-31,16:26:04",[   42] ,[  268] ,[  201] ,[  330] ,[  381] ,[  259] ,[  173] ,[  129] ,[  672] ,[   49] ,foto_162604_31072024.jpg
"2024-07-31,16:26:14",[   42] ,[  268] ,[  201] ,[  329] ,[  380] ,[  259] ,[  174] ,[  129] ,[  672] ,[   49] ,foto_162614_31072024.jpg
"2024-07-31,16:26:24",[   43] ,[  269] ,[  202] ,[  331] ,[  384] ,[  262] ,[  177] ,[  130] ,[  675] ,[   50] ,foto_162624_31072024.jpg
"2024-07-31,16:26:34",[   42] ,[  268] ,[  200] ,[  328] ,[  378] ,[  257] ,[  172] ,[  128] ,[  668] ,[   49] ,foto_162634_31072024.jpg
"2024-07-31,16:26:44",[   42] ,[  267] ,[  200] ,[  328] ,[  378] ,[  257] ,[  173] ,[  128] ,[  666] ,[   49] ,foto_162644_31072024.jpg
"2024-07-31,16:26:54",[   42] ,[  266] ,[  199] ,[  326] ,[  374] ,[  253] ,[  169] ,[  127] ,[  659] ,[   48] ,foto_162654_31072024.jpg
"2024-07-31,16:27:04",[   41] ,[  266] ,[  199] ,[  326] ,[  375] ,[  254] ,[  170] ,[  127] ,[  661] ,[   47] ,foto_162704_31072024.jpg
"2024-07-31,16:27:14",[   42] ,[  283] ,[  199] ,[  330] ,[  386] ,[  258] ,[  172] ,[  128] ,[  694] ,[   40] ,foto_162714_31072024.jpg
"2024-07-31,16:27:23",[   47] ,[  343] ,[  220] ,[  370] ,[  445] ,[  311] ,[  220] ,[  150] ,[  818] ,[   42] ,foto_162723_31072024.jpg
"2024-07-31,16:27:33",[   72] ,[  477] ,[  309] ,[  518] ,[  715] ,[  593] ,[  452] ,[  291] ,[ 1381] *,[   76] ,foto_162733_31072024.jpg
"2024-07-31,16:27:43",[   69] ,[  460] ,[  298] ,[  500] ,[  687] ,[  561] ,[  427] ,[  277] ,[ 1304] *,[   72] ,foto_162743_31072024.jpg
"2024-07-31,16:27:53",[   47] ,[  346] ,[  221] ,[  369] ,[  424] ,[  289] ,[  198] ,[  140] ,[  776] ,[   40] ,foto_162753_31072024.jpg
"2024-07-31,16:28:03",[   55] ,[  387] ,[  246] ,[  410] ,[  744] ,[  631] ,[  483] ,[  304] ,[ 1334] *,[   76] ,foto_162803_31072024.jpg
"2024-07-31,16:28:13",[   61] ,[  420] ,[  266] ,[  442] ,[  720] ,[  602] ,[  462] ,[  292] ,[ 1311] *,[   73] ,foto_162813_31072024.jpg
"2024-07-31,16:28:23",[   46] ,[  344] ,[  220] ,[  365] ,[  416] ,[  281] ,[  188] ,[  136] ,[  755] ,[   39] ,foto_162823_31072024.jpg
"2024-07-31,16:28:33",[   46] ,[  344] ,[  220] ,[  365] ,[  415] ,[  280] ,[  188] ,[  136] ,[  755] ,[   38] ,foto_162833_31072024.jpg
"2024-08-01,11:12:28",[   80] ,[  499] ,[  334] ,[  584] ,[  850] ,[  727] ,[  563] ,[  353] ,[ 1538] *,[   90] ,foto_111228_01082024.jpg
"2024-08-01,11:14:22",[   99] ,[  605] ,[  400] ,[  725] ,[ 1095] *,[  982] ,[  767] ,[  475] ,[ 1796] *,[  110] ,foto_111422_01082024.jpg
"2024-08-01,11:14:33",[  102] ,[  629] ,[  412] ,[  746] ,[ 1034] *,[  923] ,[  716] ,[  446] ,[ 1748] *,[  105] ,foto_111433_01082024.jpg
"2024-08-01,11:14:42",[   92] ,[  565] ,[  373] ,[  677] ,[  915] ,[  791] ,[  611] ,[  385] ,[ 1646] *,[   96] ,foto_111442_01082024.jpg
"2024-08-01,11:14:52",[  102] ,[  631] ,[  416] ,[  744] ,[ 1053] *,[  935] ,[  732] ,[  449] ,[ 1771] *,[  109] ,foto_111452_01082024.jpg
"2024-08-01,11:15:38",[   40] ,[  264] ,[  192] ,[  338] ,[  391] ,[  282] ,[  212] ,[  165] ,[  705] ,[   50] ,foto_111538_01082024.jpg
"2024-08-01,11:15:49",[   39] ,[  263] ,[  190] ,[  335] ,[  385] ,[  273] ,[  204] ,[  156] ,[  686] ,[   48] ,foto_111549_01082024.jpg
"2024-08-01,11:15:59",[   42] ,[  271] ,[  197] ,[  349] ,[  415] ,[  311] ,[  238] ,[  185] ,[  752] ,[   54] ,foto_111559_01082024.jpg
"2024-08-01,11:16:09",[   41] ,[  268] ,[  196] ,[  345] ,[  405] ,[  300] ,[  235] ,[  177] ,[  744] ,[   53] ,foto_111609_01082024.jpg
"2024-08-01,11:46:23",[   52] ,[  363] ,[  239] ,[  423] ,[  528] ,[  399] ,[  289] ,[  196] ,[  950] ,[   51] ,foto_114623_01082024.jpg
"2024-08-01,11:48:08",[   53] ,[  366] ,[  241] ,[  425] ,[  529] ,[  399] ,[  289] ,[  196] ,[  952] ,[   51] ,foto_114808_01082024.jpg
"2024-08-01,11:48:19",[   54] ,[  378] ,[  244] ,[  425] ,[  582] ,[  446] ,[  316] ,[  217] ,[ 1039] *,[   55] ,foto_114819_01082024.jpg
"2024-08-01,11:48:29",[   61] ,[  414] ,[  270] ,[  474] ,[  567] ,[  443] ,[  323] ,[  215] ,[ 1015] *,[   58] ,foto_114829_01082024.jpg
"2024-08-01,11:48:39",[   51] ,[  364] ,[  235] ,[  408] ,[  431] ,[  291] ,[  194] ,[  137] ,[  777] ,[   40] ,foto_114839_01082024.jpg
"2024-08-01,11:48:49",[   76] ,[  510] ,[  330] ,[  561] ,[  784] ,[  641] ,[  492] ,[  305] ,[ 1509] *,[   86] ,foto_114849_01082024.jpg
"2024-08-01,11:48:59",[   74] ,[  490] ,[  319] ,[  546] ,[  743] ,[  603] ,[  451] ,[  287] ,[ 1435] *,[   81] ,foto_114859_01082024.jpg
"2024-08-01,11:49:09",[   54] ,[  380] ,[  235] ,[  405] ,[  496] ,[  359] ,[  253] ,[  174] ,[  919] ,[   54] ,foto_114909_01082024.jpg
"2024-08-01,11:49:18",[   63] ,[  478] ,[  276] ,[  469] ,[  569] ,[  411] ,[  266] ,[  179] ,[  906] ,[   46] ,foto_114918_01082024.jpg
"2024-08-01,11:49:28",[   44] ,[  284] ,[  207] ,[  357] ,[  424] ,[  315] ,[  255] ,[  191] ,[  876] ,[   71] ,foto_114928_01082024.jpg
"2024-08-01,11:49:38",[   90] ,[  619] ,[  397] ,[  658] ,[  785] ,[  759] ,[  735] ,[  461] ,[ 1839] *,[  113] ,foto_114938_01082024.jpg
"2024-08-01,11:49:48",[   44] ,[  283] ,[  203] ,[  352] ,[  411] ,[  301] ,[  235] ,[  175] ,[  792] ,[   64] ,foto_114948_01082024.jpg
"2024-08-01,11:49:58",[   60] ,[  413] ,[  275] ,[  465] ,[  604] ,[  537] ,[  487] ,[  317] ,[ 1358] *,[   86] ,foto_114958_01082024.jpg
"2024-08-01,11:50:08",[   55] ,[  333] ,[  229] ,[  413] ,[  553] ,[  455] ,[  349] ,[  277] ,[ 1068] *,[   79] ,foto_115008_01082024.jpg
"2024-08-01,11:50:18",[   47] ,[  333] ,[  222] ,[  389] ,[  488] ,[  359] ,[  252] ,[  172] ,[  882] ,[   48] ,foto_115018_01082024.jpg
"2024-08-01,11:50:28",[   69] ,[  465] ,[  295] ,[  527] ,[  707] ,[  587] ,[  441] ,[  290] ,[ 1349] *,[   77] ,foto_115028_01082024.jpg
"2024-08-01,11:50:38",[   49] ,[  356] ,[  229] ,[  394] ,[  455] ,[  319] ,[  218] ,[  150] ,[  782] ,[   43] ,foto_115038_01082024.jpg
"2024-08-01,11:50:48",[   54] ,[  372] ,[  244] ,[  431] ,[  543] ,[  416] ,[  304] ,[  204] ,[  975] ,[   52] ,foto_115048_01082024.jpg
"2024-08-01,11:50:58",[   67] ,[  448] ,[  286] ,[  493] ,[  814] ,[  700] ,[  540] ,[  339] ,[ 1436] *,[   86] ,foto_115058_01082024.jpg
"2024-08-01,11:51:08",[   59] ,[  406] ,[  260] ,[  443] ,[  629] ,[  499] ,[  376] ,[  236] ,[ 1160] *,[   63] ,foto_115108_01082024.jpg
"2024-08-01,11:51:18",[   56] ,[  401] ,[  257] ,[  441] ,[  663] ,[  546] ,[  408] ,[  266] ,[ 1189] *,[   70] ,foto_115118_01082024.jpg
"2024-08-01,11:51:27",[   47] ,[  351] ,[  224] ,[  383] ,[  453] ,[  314] ,[  213] ,[  148] ,[  809] ,[   42] ,foto_115127_01082024.jpg
"2024-08-01,11:51:37",[   48] ,[  358] ,[  228] ,[  390] ,[  453] ,[  313] ,[  211] ,[  147] ,[  810] ,[   42] ,foto_115137_01082024.jpg
"2024-08-01,11:51:47",[   59] ,[  419] ,[  268] ,[  461] ,[  579] ,[  439] ,[  313] ,[  208] ,[ 1039] *,[   56] ,foto_115147_01082024.jpg
"2024-08-01,11:51:59",[   48] ,[  352] ,[  224] ,[  383] ,[  449] ,[  311] ,[  211] ,[  146] ,[  799] ,[   41] ,foto_115159_01082024.jpg
"2024-08-01,11:52:09",[   40] ,[  282] ,[  199] ,[  342] ,[  397] ,[  280] ,[  209] ,[  154] ,[  724] ,[   46] ,foto_115209_01082024.jpg
"2024-08-01,11:52:19",[   62] ,[  438] ,[  275] ,[  453] ,[  628] ,[  522] ,[  410] ,[  282] ,[ 1358] *,[   80] ,foto_115219_01082024.jpg
"2024-08-01,11:52:29",[  156] ,[ 1052] *,[  509] ,[  882] ,[ 1154] *,[  972] ,[  730] ,[  430] ,[ 2872] **,[  139] ,foto_115229_01082024.jpg
"2024-08-01,11:52:40",[  156] ,[ 1049] *,[  509] ,[  876] ,[ 1153] *,[  967] ,[  736] ,[  430] ,[ 2873] **,[  139] ,foto_115240_01082024.jpg
"2024-08-01,11:52:50",[   40] ,[  280] ,[  198] ,[  339] ,[  393] ,[  281] ,[  205] ,[  152] ,[  694] ,[   45] ,foto_115250_01082024.jpg
"2024-08-01,11:53:01",[   40] ,[  279] ,[  197] ,[  338] ,[  392] ,[  278] ,[  202] ,[  150] ,[  688] ,[   45] ,foto_115301_01082024.jpg
"2024-08-01,11:53:10",[   41] ,[  285] ,[  201] ,[  344] ,[  400] ,[  285] ,[  208] ,[  155] ,[  703] ,[   46] ,foto_115310_01082024.jpg
"2024-08-01,11:53:20",[   40] ,[  281] ,[  198] ,[  340] ,[  392] ,[  276] ,[  201] ,[  151] ,[  693] ,[   46] ,foto_115320_01082024.jpg
"2024-08-01,11:53:30",[   56] ,[  390] ,[  254] ,[  439] ,[  528] ,[  428] ,[  338] ,[  225] ,[ 1026] *,[   68] ,foto_115330_01082024.jpg
"2024-08-01,11:53:40",[   45] ,[  313] ,[  217] ,[  367] ,[  436] ,[  330] ,[  256] ,[  188] ,[  818] ,[   54] ,foto_115340_01082024.jpg
"2024-08-01,11:53:50",[   40] ,[  282] ,[  199] ,[  341] ,[  396] ,[  280] ,[  202] ,[  153] ,[  698] ,[   46] ,foto_115350_01082024.jpg
"2024-08-01,11:54:00",[   40] ,[  282] ,[  199] ,[  340] ,[  392] ,[  274] ,[  195] ,[  149] ,[  683] ,[   43] ,foto_115400_01082024.jpg
"2024-08-01,11:54:10",[   41] ,[  285] ,[  202] ,[  346] ,[  407] ,[  296] ,[  220] ,[  162] ,[  721] ,[   47] ,foto_115410_01082024.jpg
"2024-08-01,11:54:20",[   42] ,[  286] ,[  204] ,[  350] ,[  413] ,[  307] ,[  236] ,[  170] ,[  737] ,[   49] ,foto_115420_01082024.jpg
"2024-08-01,11:54:30",[   45] ,[  306] ,[  213] ,[  366] ,[  485] ,[  383] ,[  305] ,[  211] ,[  932] ,[   62] ,foto_115430_01082024.jpg
"2024-08-01,11:54:40",[   52] ,[  324] ,[  233] ,[  405] ,[  508] ,[  414] ,[  358] ,[  252] ,[ 1124] *,[   97] ,foto_115440_01082024.jpg
"2024-08-01,11:54:50",[   50] ,[  330] ,[  225] ,[  389] ,[  464] ,[  366] ,[  289] ,[  198] ,[  883] ,[   60] ,foto_115450_01082024.jpg
"2024-08-01,11:55:00",[   50] ,[  332] ,[  226] ,[  391] ,[  467] ,[  369] ,[  293] ,[  202] ,[  902] ,[   63] ,foto_115500_01082024.jpg
"2024-08-01,11:55:09",[   46] ,[  329] ,[  222] ,[  381] ,[  457] ,[  327] ,[  225] ,[  157] ,[  814] ,[   43] ,foto_115509_01082024.jpg
"2024-08-01,11:55:19",[   58] ,[  397] ,[  263] ,[  465] ,[  605] ,[  476] ,[  352] ,[  231] ,[ 1087] *,[   60] ,foto_115519_01082024.jpg
"2024-08-01,11:55:29",[   98] ,[  603] ,[  400] ,[  717] ,[ 1146] *,[ 1039] *,[  800] ,[  504] ,[ 1900] *,[  115] ,foto_115529_01082024.jpg
"2024-08-01,11:55:39",[   92] ,[  562] ,[  376] ,[  672] ,[ 1034] *,[  930] ,[  718] ,[  451] ,[ 1714] *,[  106] ,foto_115539_01082024.jpg
"2024-08-01,11:55:49",[   94] ,[  593] ,[  390] ,[  683] ,[ 1002] *,[  891] ,[  680] ,[  430] ,[ 1688] *,[  100] ,foto_115549_01082024.jpg
"2024-08-01,11:55:59",[   97] ,[  600] ,[  399] ,[  707] ,[ 1065] *,[  952] ,[  738] ,[  467] ,[ 1818] *,[  108] ,foto_115559_01082024.jpg
"2024-08-01,11:56:09",[  101] ,[  619] ,[  412] ,[  725] ,[ 1092] *,[  986] ,[  759] ,[  485] ,[ 1841] *,[  111] ,foto_115609_01082024.jpg
"2024-08-01,11:56:19",[  100] ,[  615] ,[  410] ,[  721] ,[ 1089] *,[  983] ,[  756] ,[  484] ,[ 1838] *,[  111] ,foto_115619_01082024.jpg
"2024-08-01,11:56:29",[   84] ,[  540] ,[  359] ,[  619] ,[  888] ,[  759] ,[  583] ,[  373] ,[ 1609] *,[   91] ,foto_115629_01082024.jpg
"2024-08-01,11:56:39",[   38] ,[  263] ,[  190] ,[  329] ,[  377] ,[  259] ,[  187] ,[  150] ,[  674] ,[   49] ,foto_115639_01082024.jpg
"2024-08-01,11:56:49",[   38] ,[  259] ,[  190] ,[  331] ,[  378] ,[  265] ,[  192] ,[  144] ,[  665] ,[   45] ,foto_115649_01082024.jpg
"2024-08-01,11:56:58",[   38] ,[  253] ,[  187] ,[  325] ,[  368] ,[  254] ,[  184] ,[  143] ,[  656] ,[   46] ,foto_115658_01082024.jpg
"2024-08-01,11:57:08",[   39] ,[  257] ,[  191] ,[  333] ,[  385] ,[  277] ,[  206] ,[  153] ,[  686] ,[   46] ,foto_115708_01082024.jpg
"2024-08-01,11:57:18",[   39] ,[  258] ,[  191] ,[  334] ,[  388] ,[  279] ,[  207] ,[  153] ,[  687] ,[   46] ,foto_115718_01082024.jpg
"2024-08-01,11:57:28",[   39] ,[  259] ,[  191] ,[  334] ,[  388] ,[  280] ,[  208] ,[  153] ,[  690] ,[   46] ,foto_115728_01082024.jpg
"2024-08-01,11:57:38",[   38] ,[  257] ,[  188] ,[  329] ,[  408] ,[  297] ,[  218] ,[  158] ,[  733] ,[   48] ,foto_115738_01082024.jpg
"2024-08-01,11:57:48",[   37] ,[  256] ,[  188] ,[  327] ,[  372] ,[  256] ,[  183] ,[  138] ,[  654] ,[   41] ,foto_115748_01082024.jpg
"2024-08-01,11:57:58",[   38] ,[  256] ,[  189] ,[  328] ,[  375] ,[  262] ,[  194] ,[  149] ,[  664] ,[   44] ,foto_115758_01082024.jpg
"2024-08-01,11:58:08",[   80] ,[  463] ,[  305] ,[  585] ,[  900] ,[  816] ,[  623] ,[  375] ,[ 1649] *,[   99] ,foto_115808_01082024.jpg
"2024-08-01,11:58:18",[   67] ,[  405] ,[  271] ,[  504] ,[  742] ,[  637] ,[  485] ,[  297] ,[ 1316] *,[   74] ,foto_115818_01082024.jpg
"2024-08-01,11:58:28",[   68] ,[  412] ,[  275] ,[  509] ,[  769] ,[  668] ,[  512] ,[  313] ,[ 1362] *,[   77] ,foto_115828_01082024.jpg
"2024-08-01,11:58:38",[  124] ,[  673] ,[  438] ,[  818] ,[ 1551] *,[ 1538] *,[ 1220] *,[  723] ,[ 2528] **,[  162] ,foto_115838_01082024.jpg
"2024-08-01,11:58:48",[  145] ,[  808] ,[  520] ,[  952] ,[ 1480] *,[ 1420] *,[ 1108] *,[  634] ,[ 2516] **,[  156] ,foto_115848_01082024.jpg
"2024-08-01,11:58:58",[  101] ,[  593] ,[  380] ,[  672] ,[ 1353] *,[ 1286] *,[  983] ,[  572] ,[ 2171] **,[  134] ,foto_115858_01082024.jpg
"2024-08-01,11:59:07",[   70] ,[  424] ,[  281] ,[  514] ,[  794] ,[  668] ,[  504] ,[  303] ,[ 1454] *,[   83] ,foto_115907_01082024.jpg
"2024-08-01,11:59:17",[   70] ,[  424] ,[  281] ,[  515] ,[  794] ,[  668] ,[  504] ,[  303] ,[ 1453] *,[   82] ,foto_115917_01082024.jpg
"2024-08-01,11:59:27",[   55] ,[  352] ,[  238] ,[  429] ,[  555] ,[  430] ,[  314] ,[  199] ,[  982] ,[   52] ,foto_115927_01082024.jpg
"2024-08-01,11:59:37",[   38] ,[  258] ,[  188] ,[  325] ,[  366] ,[  249] ,[  177] ,[  137] ,[  636] ,[   42] ,foto_115937_01082024.jpg
"2024-08-01,11:59:47",[   40] ,[  265] ,[  194] ,[  336] ,[  386] ,[  274] ,[  204] ,[  160] ,[  697] ,[   52] ,foto_115947_01082024.jpg
"2024-08-01,11:59:57",[   39] ,[  260] ,[  190] ,[  329] ,[  377] ,[  262] ,[  189] ,[  149] ,[  674] ,[   49] ,foto_115957_01082024.jpg
"2024-08-01,12:00:07",[   64] ,[  345] ,[  260] ,[  440] ,[  569] ,[  467] ,[  456] ,[  330] ,[ 1563] *,[  171] ,foto_120007_01082024.jpg
"2024-08-01,12:00:17",[   70] ,[  375] ,[  285] ,[  493] ,[  676] ,[  625] ,[  571] ,[  391] ,[ 1581] *,[  132] ,foto_120017_01082024.jpg
"2024-08-01,12:00:27",[   60] ,[  340] ,[  250] ,[  436] ,[  574] ,[  503] ,[  470] ,[  327] ,[ 1370] *,[  126] ,foto_120027_01082024.jpg
"2024-08-01,12:00:37",[   72] ,[  341] ,[  270] ,[  445] ,[  562] ,[  454] ,[  433] ,[  327] ,[ 1376] *,[  190] ,foto_120037_01082024.jpg
"2024-08-01,12:00:47",[   62] ,[  325] ,[  250] ,[  417] ,[  525] ,[  416] ,[  388] ,[  289] ,[ 1277] *,[  141] ,foto_120047_01082024.jpg
"2024-08-01,12:00:57",[   64] ,[  323] ,[  251] ,[  415] ,[  511] ,[  402] ,[  372] ,[  284] ,[ 1191] *,[  147] ,foto_120057_01082024.jpg
"2024-08-01,12:01:07",[   60] ,[  320] ,[  244] ,[  408] ,[  506] ,[  398] ,[  363] ,[  274] ,[ 1167] *,[  130] ,foto_120107_01082024.jpg
"2024-08-01,12:01:17",[   51] ,[  305] ,[  226] ,[  388] ,[  478] ,[  370] ,[  323] ,[  235] ,[ 1085] *,[   99] ,foto_120117_01082024.jpg
"2024-08-01,12:02:41",[   46] ,[  291] ,[  193] ,[  350] ,[  426] ,[  316] ,[  235] ,[  162] ,[  734] ,[   52] ,foto_120241_01082024.jpg
"2024-08-01,12:04:09",[   48] ,[  296] ,[  199] ,[  359] ,[  437] ,[  323] ,[  229] ,[  168] ,[  738] ,[   56] ,foto_120409_01082024.jpg
"2024-08-01,12:04:20",[   51] ,[  346] ,[  216] ,[  392] ,[  492] ,[  361] ,[  238] ,[  161] ,[  811] ,[   47] ,foto_120420_01082024.jpg
"2024-08-01,12:04:30",[   70] ,[  422] ,[  266] ,[  511] ,[  756] ,[  637] ,[  470] ,[  284] ,[ 1277] *,[   72] ,foto_120430_01082024.jpg
"2024-08-01,12:04:40",[  124] ,[  650] ,[  410] ,[  813] ,[  844] ,[  738] ,[  535] ,[  326] ,[ 1433] *,[   86] ,foto_120440_01082024.jpg
"2024-08-01,12:04:50",[   71] ,[  454] ,[  272] ,[  488] ,[ 1047] *,[  968] ,[  735] ,[  424] ,[ 1735] *,[  107] ,foto_120450_01082024.jpg
"2024-08-01,12:05:00",[   81] ,[  494] ,[  304] ,[  564] ,[  855] ,[  731] ,[  538] ,[  320] ,[ 1525] *,[   86] ,foto_120500_01082024.jpg
"2024-08-01,12:05:09",[   72] ,[  449] ,[  279] ,[  520] ,[  757] ,[  623] ,[  451] ,[  269] ,[ 1287] *,[   70] ,foto_120509_01082024.jpg
"2024-08-01,12:05:25",[   66] ,[  422] ,[  262] ,[  487] ,[  670] ,[  537] ,[  383] ,[  230] ,[ 1144] *,[   62] ,foto_120524_01082024.jpg
"2024-08-01,12:05:37",[   57] ,[  352] ,[  224] ,[  405] ,[  504] ,[  393] ,[  297] ,[  203] ,[  952] ,[   76] ,foto_120537_01082024.jpg
"2024-08-01,12:05:47",[   56] ,[  344] ,[  220] ,[  402] ,[  504] ,[  391] ,[  287] ,[  203] ,[  944] ,[   74] ,foto_120547_01082024.jpg
"2024-08-01,12:05:57",[   56] ,[  345] ,[  222] ,[  401] ,[  508] ,[  395] ,[  295] ,[  207] ,[  955] ,[   78] ,foto_120557_01082024.jpg
"2024-08-01,12:06:07",[   74] ,[  506] ,[  313] ,[  543] ,[  677] ,[  615] ,[  554] ,[  348] ,[ 1489] *,[   95] ,foto_120607_01082024.jpg
"2024-08-01,12:06:17",[   49] ,[  309] ,[  204] ,[  362] ,[  441] ,[  322] ,[  233] ,[  167] ,[  804] ,[   87] ,foto_120617_01082024.jpg
"2024-08-01,12:06:27",[   49] ,[  309] ,[  204] ,[  363] ,[  440] ,[  323] ,[  234] ,[  168] ,[  802] ,[   84] ,foto_120627_01082024.jpg
